subject,idna_subject,expiration_date,epoch
accommodationinfractructuretwo.com,accommodationinfractructuretwo.com,21-may-2022,1653091200.0
anamaembush.com,anamaembush.com,11-mar-2022,1646956800.0
ateletswitoto.com,ateletswitoto.com,04-mar-2022,1646352000.0
breakfastsinew.com,breakfastsinew.com,07-oct-2021,1633564800.0
bureaucracyambiguousfellow.com,bureaucracyambiguousfellow.com,21-may-2022,1653091200.0
centalsruck.com,centalsruck.com,04-mar-2022,1646352000.0
concentratebeauabsolute.com,concentratebeauabsolute.com,14-may-2022,1652486400.0
ekufogow.xyz,ekufogow.xyz,25-aug-2021,1629849600.0
gangsstowapps.com,gangsstowapps.com,19-feb-2022,1645228800.0
gravelringer.com,gravelringer.com,20-may-2022,1653004800.0
honeycombastrayabound.com,honeycombastrayabound.com,01-apr-2022,1648771200.0
hypothesisalternate.com,hypothesisalternate.com,12-may-2022,1652313600.0
identificationralphrefuel.com,identificationralphrefuel.com,21-may-2022,1653091200.0
kirnscraps.com,kirnscraps.com,27-mar-2022,1648339200.0
obstructionblockade.com,obstructionblockade.com,20-may-2022,1653004800.0
poplarmakessouls.com,poplarmakessouls.com,21-may-2022,1653091200.0
scowpoppanasals.com,scowpoppanasals.com,03-feb-2022,1643846400.0
sewedwebspot.casa,sewedwebspot.casa,26-aug-2021,1629936000.0
slakesshimtames.com,slakesshimtames.com,24-dec-2021,1640304000.0
soysapslad.com,soysapslad.com,24-feb-2022,1645660800.0
spleniafallows.com,spleniafallows.com,04-mar-2022,1646352000.0
squallcircuit.com,squallcircuit.com,21-may-2022,1653091200.0
ustxsntseyhwsx.com,ustxsntseyhwsx.com,21-may-2022,1653091200.0
zquotfuofx.com,zquotfuofx.com,21-may-2022,1653091200.0
cuttuberaxis.com,cuttuberaxis.com,26-feb-2022,1645833600.0
dellswhinyrank.com,dellswhinyrank.com,24-feb-2022,1645660800.0
logworknomism.com,logworknomism.com,27-mar-2022,1648339200.0
manholecrate.com,manholecrate.com,19-may-2022,1652918400.0
melinaeability.casa,melinaeability.casa,04-mar-2022,1646352000.0
navaltophes.com,navaltophes.com,04-mar-2022,1646352000.0
jusbertimla4ke2.com,jusbertimla4ke2.com,20-apr-2022,1650412800.0
apparentfib.com,apparentfib.com,26-apr-2022,1650931200.0
believeduphold.com,believeduphold.com,24-apr-2022,1650758400.0
betterprovokesap.com,betterprovokesap.com,21-may-2022,1653091200.0
bonertraffic13.info,bonertraffic13.info,16-mar-2022,1647388800.0
comalonger.com,comalonger.com,17-jan-2022,1642377600.0
consonantlightersunset.com,consonantlightersunset.com,18-may-2022,1652832000.0
contagionrugby.com,contagionrugby.com,03-sep-2021,1630627200.0
dissipatecombinedcolon.com,dissipatecombinedcolon.com,09-sep-2021,1631145600.0
exhaustedannulmentaccredited.com,exhaustedannulmentaccredited.com,21-may-2022,1653091200.0
failsubjective.com,failsubjective.com,21-may-2022,1653091200.0
handfulattendservices.com,handfulattendservices.com,21-may-2022,1653091200.0
hcrhymydx.com,hcrhymydx.com,23-may-2022,1653264000.0
headscamelstooped.com,headscamelstooped.com,21-may-2022,1653091200.0
howstroll.com,howstroll.com,29-mar-2022,1648512000.0
inscriptionothernarcotic.com,inscriptionothernarcotic.com,21-may-2022,1653091200.0
needlerecede.com,needlerecede.com,18-may-2022,1652832000.0
nuqwe.com,nuqwe.com,18-jan-2022,1642464000.0
onlyjugpub.com,onlyjugpub.com,21-may-2022,1653091200.0
ppscdnqkgj.com,ppscdnqkgj.com,09-apr-2022,1649462400.0
prevailedballotcaution.com,prevailedballotcaution.com,20-may-2022,1653004800.0
slipperyextremelyvast.com,slipperyextremelyvast.com,18-may-2022,1652832000.0
smilingpilgrim.com,smilingpilgrim.com,21-may-2022,1653091200.0
sukausuka.com,sukausuka.com,12-mar-2022,1647043200.0
vassterboost.com,vassterboost.com,20-apr-2022,1650412800.0
voicemakingrenown.com,voicemakingrenown.com,12-may-2022,1652313600.0
vptbn.com,vptbn.com,22-oct-2022,1666396800.0
vwgilkky.com,vwgilkky.com,23-may-2022,1653264000.0
winpbn.com,winpbn.com,06-aug-2022,1659744000.0
zauglomo.net,zauglomo.net,26-feb-2022,1645833600.0
renaissanceregretfulpupil.com,renaissanceregretfulpupil.com,29-apr-2022,1651190400.0
addresseetransportationsyndrome.com,addresseetransportationsyndrome.com,22-mar-2022,1647907200.0
goooogle.cloud,goooogle.cloud,22-apr-2022,1650585600.0
homemadebarricadedialogue.com,homemadebarricadedialogue.com,24-mar-2022,1648080000.0
21e4d2f6cae8ec.com,21e4d2f6cae8ec.com,27-may-2022,1653609600.0
aggressivefrequentneckquirky.com,aggressivefrequentneckquirky.com,15-feb-2022,1644883200.0
amorphysp.fun,amorphysp.fun,20-oct-2021,1634688000.0
b2408e4e788280e.com,b2408e4e788280e.com,22-may-2022,1653177600.0
copyrightmournfulsalon.com,copyrightmournfulsalon.com,26-apr-2022,1650931200.0
dalecta.com,dalecta.com,13-oct-2025,1760313600.0
dozubatan.com,dozubatan.com,17-may-2022,1652745600.0
easystopadblock.com,easystopadblock.com,21-may-2022,1653091200.0
ergadx.com,ergadx.com,21-oct-2021,1634774400.0
eutehj.com,eutehj.com,15-dec-2021,1639526400.0
fordpeculiarity.com,fordpeculiarity.com,20-may-2022,1653004800.0
housejomadkc.com,housejomadkc.com,20-apr-2022,1650412800.0
ironypestilenthelp.com,ironypestilenthelp.com,21-may-2022,1653091200.0
kneeansweras.com,kneeansweras.com,20-apr-2022,1650412800.0
omedcam.biz,omedcam.biz,08-feb-2022,1644278400.0
psazamajy.pro,psazamajy.pro,22-dec-2021,1640131200.0
rozivpxtl.com,rozivpxtl.com,24-may-2022,1653350400.0
stovoori.net,stovoori.net,05-apr-2022,1649116800.0
ukslphcgs.com,ukslphcgs.com,24-may-2022,1653350400.0
veesboost.com,veesboost.com,20-apr-2022,1650412800.0
55e593878c2d47.com,55e593878c2d47.com,27-may-2022,1653609600.0
61b2a5278e6383b.com,61b2a5278e6383b.com,22-may-2022,1653177600.0
brunettebow.com,brunettebow.com,12-may-2022,1652313600.0
disguisesirrational.com,disguisesirrational.com,23-apr-2022,1650672000.0
edgeimpregnable.com,edgeimpregnable.com,21-may-2022,1653091200.0
mrvio.com,mrvio.com,09-mar-2022,1646784000.0
bodiedcer.biz,bodiedcer.biz,08-feb-2022,1644278400.0
cfatceaikgxdhv.com,cfatceaikgxdhv.com,25-may-2022,1653436800.0
crestfallenwall.com,crestfallenwall.com,20-apr-2022,1650412800.0
dishesha.net,dishesha.net,27-dec-2021,1640563200.0
ectoralmin.fun,ectoralmin.fun,20-oct-2021,1634688000.0
exporder-patuility.com,exporder-patuility.com,08-mar-2022,1646697600.0
fertilizermessyshortcut.com,fertilizermessyshortcut.com,01-may-2022,1651363200.0
forbearcorrectinvolving.com,forbearcorrectinvolving.com,23-may-2022,1653264000.0
franklybundlecarver.com,franklybundlecarver.com,30-mar-2022,1648598400.0
housekeeperjavelin.com,housekeeperjavelin.com,21-may-2022,1653091200.0
kenskitscurt.com,kenskitscurt.com,24-feb-2022,1645660800.0
kneetournament.com,kneetournament.com,23-may-2022,1653264000.0
knittedcourthouse.com,knittedcourthouse.com,29-apr-2022,1651190400.0
kzvhgpqvmle.com,kzvhgpqvmle.com,25-may-2022,1653436800.0
minkglentriumphal.com,minkglentriumphal.com,23-may-2022,1653264000.0
nceinbutiwo.biz,nceinbutiwo.biz,05-may-2022,1651708800.0
pierlinks.com,pierlinks.com,29-oct-2021,1635465600.0
preferablycompletion.com,preferablycompletion.com,21-may-2022,1653091200.0
retainreproofsnappy.com,retainreproofsnappy.com,23-may-2022,1653264000.0
selfpuc.com,selfpuc.com,20-jun-2022,1655683200.0
ticketcorpse.com,ticketcorpse.com,14-may-2022,1652486400.0
toptavi.com,toptavi.com,09-mar-2022,1646784000.0
twinadsrv.com,twinadsrv.com,18-may-2022,1652832000.0
wholecommonposts.com,wholecommonposts.com,27-apr-2022,1651017600.0
companycouncilbreeze.com,companycouncilbreeze.com,21-may-2022,1653091200.0
fiftyunderstood.com,fiftyunderstood.com,13-feb-2022,1644710400.0
kneestep.com,kneestep.com,24-apr-2022,1650758400.0
notorietycheerypositively.com,notorietycheerypositively.com,13-feb-2022,1644710400.0
opvanillishan.com,opvanillishan.com,08-apr-2022,1649376000.0
okdigital.me,okdigital.me,26-sep-2021,1632614400.0
06156312c77.com,06156312c77.com,25-may-2022,1653436800.0
a31daecf420.com,a31daecf420.com,25-may-2022,1653436800.0
favourmiles.com,favourmiles.com,08-apr-2022,1649376000.0
intrudeaccess.com,intrudeaccess.com,20-feb-2022,1645315200.0
ixcris.com,ixcris.com,09-mar-2022,1646784000.0
libertystmedia.com,libertystmedia.com,12-mar-2022,1647043200.0
montpdp.top,montpdp.top,28-apr-2022,1651104000.0
newscredentialrelative.com,newscredentialrelative.com,09-may-2022,1652054400.0
oesfriences.fun,oesfriences.fun,20-oct-2021,1634688000.0
omniappz.com,omniappz.com,05-dec-2021,1638662400.0
samyarct.top,samyarct.top,06-nov-2021,1636156800.0
snortedbingo.com,snortedbingo.com,20-dec-2021,1639958400.0
surpluspilotage.com,surpluspilotage.com,23-may-2022,1653264000.0
thinazuthy.pro,thinazuthy.pro,22-mar-2022,1647907200.0
tisttropolic.biz,tisttropolic.biz,08-feb-2022,1644278400.0
triadfreewaysupermarket.com,triadfreewaysupermarket.com,23-may-2022,1653264000.0
uzcdnzta.com,uzcdnzta.com,09-apr-2022,1649462400.0
verotezzz.com,verotezzz.com,20-apr-2022,1650412800.0
verymerybery.com,verymerybery.com,21-may-2022,1653091200.0
visitstats.com,visitstats.com,28-apr-2022,1651104000.0
wypovuwu.pro,wypovuwu.pro,25-mar-2022,1648166400.0
allegianceenableselfish.com,allegianceenableselfish.com,31-jan-2022,1643587200.0
stupendouspeacock.com,stupendouspeacock.com,26-apr-2022,1650931200.0
