idna_subject,checker_type,destination,source,tested_at,session_id
0127538a552.com,AVAILABILITY,easylist_adservers.txt,/storage01/repos/github/dns-test/EasyList/easylist_adservers.txt,2021-01-29 03:28:06.541281,1d1f71c797b69a2aeb10e192
01dbf3a452b6.com,AVAILABILITY,easylist_adservers.txt,/storage01/repos/github/dns-test/EasyList/easylist_adservers.txt,2021-01-29 03:28:06.543968,1d1f71c797b69a2aeb10e192
00aaa2d81c1d174.com,AVAILABILITY,easylist_adservers.txt,/storage01/repos/github/dns-test/EasyList/easylist_adservers.txt,2021-01-29 03:28:06.557755,1d1f71c797b69a2aeb10e192
006a039c957c142bb.com,AVAILABILITY,easylist_adservers.txt,/storage01/repos/github/dns-test/EasyList/easylist_adservers.txt,2021-01-29 03:28:06.664087,1d1f71c797b69a2aeb10e192
012469af389a1d1246d.com,AVAILABILITY,easylist_adservers.txt,/storage01/repos/github/dns-test/EasyList/easylist_adservers.txt,2021-01-29 03:28:06.700809,1d1f71c797b69a2aeb10e192
00ae8b5a9c1d597.com,AVAILABILITY,easylist_adservers.txt,/storage01/repos/github/dns-test/EasyList/easylist_adservers.txt,2021-01-29 03:28:06.700419,1d1f71c797b69a2aeb10e192
048d36793b8.com,AVAILABILITY,easylist_adservers.txt,/storage01/repos/github/dns-test/EasyList/easylist_adservers.txt,2021-01-29 03:28:06.772831,1d1f71c797b69a2aeb10e192
02b5da94a2bd4aea.com,AVAILABILITY,easylist_adservers.txt,/storage01/repos/github/dns-test/EasyList/easylist_adservers.txt,2021-01-29 03:28:06.780464,1d1f71c797b69a2aeb10e192
02aa19117f396e9.com,AVAILABILITY,easylist_adservers.txt,/storage01/repos/github/dns-test/EasyList/easylist_adservers.txt,2021-01-29 03:28:06.780325,1d1f71c797b69a2aeb10e192
039ad0897e6da.com,AVAILABILITY,easylist_adservers.txt,/storage01/repos/github/dns-test/EasyList/easylist_adservers.txt,2021-01-29 03:28:06.782023,1d1f71c797b69a2aeb10e192
050y9lhe8p.com,AVAILABILITY,easylist_adservers.txt,/storage01/repos/github/dns-test/EasyList/easylist_adservers.txt,2021-01-29 03:28:06.782448,1d1f71c797b69a2aeb10e192
06dd0894cce50c.com,AVAILABILITY,easylist_adservers.txt,/storage01/repos/github/dns-test/EasyList/easylist_adservers.txt,2021-01-29 03:28:06.860330,1d1f71c797b69a2aeb10e192
05xz0h2xo799.com,AVAILABILITY,easylist_adservers.txt,/storage01/repos/github/dns-test/EasyList/easylist_adservers.txt,2021-01-29 03:28:06.865182,1d1f71c797b69a2aeb10e192
059e025e7484.com,AVAILABILITY,easylist_adservers.txt,/storage01/repos/github/dns-test/EasyList/easylist_adservers.txt,2021-01-29 03:28:06.957585,1d1f71c797b69a2aeb10e192
05ee3a24ed11df058c8.com,AVAILABILITY,easylist_adservers.txt,/storage01/repos/github/dns-test/EasyList/easylist_adservers.txt,2021-01-29 03:28:07.011710,1d1f71c797b69a2aeb10e192
06f09b1008ae993a5a.com,AVAILABILITY,easylist_adservers.txt,/storage01/repos/github/dns-test/EasyList/easylist_adservers.txt,2021-01-29 03:28:07.011925,1d1f71c797b69a2aeb10e192
07fe665dd33f.com,AVAILABILITY,easylist_adservers.txt,/storage01/repos/github/dns-test/EasyList/easylist_adservers.txt,2021-01-29 03:28:07.055135,1d1f71c797b69a2aeb10e192
0926a687679d337e9d.com,AVAILABILITY,easylist_adservers.txt,/storage01/repos/github/dns-test/EasyList/easylist_adservers.txt,2021-01-29 03:28:07.108443,1d1f71c797b69a2aeb10e192
0956228a2df97a.com,AVAILABILITY,easylist_adservers.txt,/storage01/repos/github/dns-test/EasyList/easylist_adservers.txt,2021-01-29 03:28:07.216621,1d1f71c797b69a2aeb10e192
0b19222804.com,AVAILABILITY,easylist_adservers.txt,/storage01/repos/github/dns-test/EasyList/easylist_adservers.txt,2021-01-29 03:28:07.290885,1d1f71c797b69a2aeb10e192
0b9d84d93f1b.com,AVAILABILITY,easylist_adservers.txt,/storage01/repos/github/dns-test/EasyList/easylist_adservers.txt,2021-01-29 03:28:07.455140,1d1f71c797b69a2aeb10e192
04426f8b7ce9b069431.com,AVAILABILITY,easylist_adservers.txt,/storage01/repos/github/dns-test/EasyList/easylist_adservers.txt,2021-01-29 03:30:14.851704,1d1f71c797b69a2aeb10e192
0cf40a2064ce2.com,AVAILABILITY,easylist_adservers.txt,/storage01/repos/github/dns-test/EasyList/easylist_adservers.txt,2021-01-29 03:30:14.951554,1d1f71c797b69a2aeb10e192
0d20bff8143.com,AVAILABILITY,easylist_adservers.txt,/storage01/repos/github/dns-test/EasyList/easylist_adservers.txt,2021-01-29 03:30:15.021030,1d1f71c797b69a2aeb10e192
0dbcf515975d.com,AVAILABILITY,easylist_adservers.txt,/storage01/repos/github/dns-test/EasyList/easylist_adservers.txt,2021-01-29 03:30:15.245354,1d1f71c797b69a2aeb10e192
0dc3c6535c5.com,AVAILABILITY,easylist_adservers.txt,/storage01/repos/github/dns-test/EasyList/easylist_adservers.txt,2021-01-29 03:30:15.312815,1d1f71c797b69a2aeb10e192
0e6fc55ed3d4c2c2ba0.com,AVAILABILITY,easylist_adservers.txt,/storage01/repos/github/dns-test/EasyList/easylist_adservers.txt,2021-01-29 03:30:15.372263,1d1f71c797b69a2aeb10e192
0f461325bf56c3e1b9.com,AVAILABILITY,easylist_adservers.txt,/storage01/repos/github/dns-test/EasyList/easylist_adservers.txt,2021-01-29 03:30:15.451885,1d1f71c797b69a2aeb10e192
0gw7e6s3wrao9y3q.pro,AVAILABILITY,easylist_adservers.txt,/storage01/repos/github/dns-test/EasyList/easylist_adservers.txt,2021-01-29 03:30:16.837775,1d1f71c797b69a2aeb10e192
0h6djpk8fn.com,AVAILABILITY,easylist_adservers.txt,/storage01/repos/github/dns-test/EasyList/easylist_adservers.txt,2021-01-29 03:30:17.881272,1d1f71c797b69a2aeb10e192
0klxjejyxak3.com,AVAILABILITY,easylist_adservers.txt,/storage01/repos/github/dns-test/EasyList/easylist_adservers.txt,2021-01-29 03:30:17.956229,1d1f71c797b69a2aeb10e192
0oaqgsk54hm5.com,AVAILABILITY,easylist_adservers.txt,/storage01/repos/github/dns-test/EasyList/easylist_adservers.txt,2021-01-29 03:30:18.036210,1d1f71c797b69a2aeb10e192
0redirb.com,AVAILABILITY,easylist_adservers.txt,/storage01/repos/github/dns-test/EasyList/easylist_adservers.txt,2021-01-29 03:30:18.263207,1d1f71c797b69a2aeb10e192
0s9dxlr07huu.com,AVAILABILITY,easylist_adservers.txt,/storage01/repos/github/dns-test/EasyList/easylist_adservers.txt,2021-01-29 03:30:18.348836,1d1f71c797b69a2aeb10e192
0sywjs4r1x.com,AVAILABILITY,easylist_adservers.txt,/storage01/repos/github/dns-test/EasyList/easylist_adservers.txt,2021-01-29 03:30:18.573120,1d1f71c797b69a2aeb10e192
1-m.xyz,AVAILABILITY,easylist_adservers.txt,/storage01/repos/github/dns-test/EasyList/easylist_adservers.txt,2021-01-29 03:30:19.180576,1d1f71c797b69a2aeb10e192
1-vr.xyz,AVAILABILITY,easylist_adservers.txt,/storage01/repos/github/dns-test/EasyList/easylist_adservers.txt,2021-01-29 03:30:19.763263,1d1f71c797b69a2aeb10e192
073c0cec65916314a.com,AVAILABILITY,easylist_adservers.txt,/storage01/repos/github/dns-test/EasyList/easylist_adservers.txt,2021-01-29 03:30:20.118801,1d1f71c797b69a2aeb10e192
10b883b3d61d.com,AVAILABILITY,easylist_adservers.txt,/storage01/repos/github/dns-test/EasyList/easylist_adservers.txt,2021-01-29 03:30:20.356148,1d1f71c797b69a2aeb10e192
07346e971b1ec7f.com,AVAILABILITY,easylist_adservers.txt,/storage01/repos/github/dns-test/EasyList/easylist_adservers.txt,2021-01-29 03:30:20.387245,1d1f71c797b69a2aeb10e192
10desires.com,AVAILABILITY,easylist_adservers.txt,/storage01/repos/github/dns-test/EasyList/easylist_adservers.txt,2021-01-29 03:30:20.425578,1d1f71c797b69a2aeb10e192
0aa89ur58y.top,AVAILABILITY,easylist_adservers.txt,/storage01/repos/github/dns-test/EasyList/easylist_adservers.txt,2021-01-29 03:30:20.548356,1d1f71c797b69a2aeb10e192
11a581bbb5038e.com,AVAILABILITY,easylist_adservers.txt,/storage01/repos/github/dns-test/EasyList/easylist_adservers.txt,2021-01-29 03:30:20.631981,1d1f71c797b69a2aeb10e192
118aa629a7968e75e.com,AVAILABILITY,easylist_adservers.txt,/storage01/repos/github/dns-test/EasyList/easylist_adservers.txt,2021-01-29 03:30:20.654816,1d1f71c797b69a2aeb10e192
11ccda709b5cdf5.com,AVAILABILITY,easylist_adservers.txt,/storage01/repos/github/dns-test/EasyList/easylist_adservers.txt,2021-01-29 03:30:20.703945,1d1f71c797b69a2aeb10e192
1221e236c3f8703.com,AVAILABILITY,easylist_adservers.txt,/storage01/repos/github/dns-test/EasyList/easylist_adservers.txt,2021-01-29 03:30:20.758037,1d1f71c797b69a2aeb10e192
123advertising.nl,AVAILABILITY,easylist_adservers.txt,/storage01/repos/github/dns-test/EasyList/easylist_adservers.txt,2021-01-29 03:30:20.828334,1d1f71c797b69a2aeb10e192
12cdee5830.com,AVAILABILITY,easylist_adservers.txt,/storage01/repos/github/dns-test/EasyList/easylist_adservers.txt,2021-01-29 03:30:20.902206,1d1f71c797b69a2aeb10e192
1298bab69bbc4.com,AVAILABILITY,easylist_adservers.txt,/storage01/repos/github/dns-test/EasyList/easylist_adservers.txt,2021-01-29 03:30:20.982823,1d1f71c797b69a2aeb10e192
12xlwin6a.net,AVAILABILITY,easylist_adservers.txt,/storage01/repos/github/dns-test/EasyList/easylist_adservers.txt,2021-01-29 03:30:21.085745,1d1f71c797b69a2aeb10e192
13190546cd1dec9bbdc.com,AVAILABILITY,easylist_adservers.txt,/storage01/repos/github/dns-test/EasyList/easylist_adservers.txt,2021-01-29 03:30:21.207978,1d1f71c797b69a2aeb10e192
14nuzznszbdp.com,AVAILABILITY,easylist_adservers.txt,/storage01/repos/github/dns-test/EasyList/easylist_adservers.txt,2021-01-29 03:30:21.287257,1d1f71c797b69a2aeb10e192
153105c2f9564.com,AVAILABILITY,easylist_adservers.txt,/storage01/repos/github/dns-test/EasyList/easylist_adservers.txt,2021-01-29 03:30:21.462215,1d1f71c797b69a2aeb10e192
15fa37b45d.com,AVAILABILITY,easylist_adservers.txt,/storage01/repos/github/dns-test/EasyList/easylist_adservers.txt,2021-01-29 03:30:21.529819,1d1f71c797b69a2aeb10e192
0898hhh.com,AVAILABILITY,easylist_adservers.txt,/storage01/repos/github/dns-test/EasyList/easylist_adservers.txt,2021-01-29 03:30:21.554922,1d1f71c797b69a2aeb10e192
16482f75cb.com,AVAILABILITY,easylist_adservers.txt,/storage01/repos/github/dns-test/EasyList/easylist_adservers.txt,2021-01-29 03:30:21.623206,1d1f71c797b69a2aeb10e192
1740f665a91b68.com,AVAILABILITY,easylist_adservers.txt,/storage01/repos/github/dns-test/EasyList/easylist_adservers.txt,2021-01-29 03:30:21.784357,1d1f71c797b69a2aeb10e192
192b1a49d57.com,AVAILABILITY,easylist_adservers.txt,/storage01/repos/github/dns-test/EasyList/easylist_adservers.txt,2021-01-29 03:30:21.856002,1d1f71c797b69a2aeb10e192
1955dcb2fee1a13.com,AVAILABILITY,easylist_adservers.txt,/storage01/repos/github/dns-test/EasyList/easylist_adservers.txt,2021-01-29 03:30:21.927910,1d1f71c797b69a2aeb10e192
196f25ce95a.com,AVAILABILITY,easylist_adservers.txt,/storage01/repos/github/dns-test/EasyList/easylist_adservers.txt,2021-01-29 03:30:21.996513,1d1f71c797b69a2aeb10e192
1983c499735.com,AVAILABILITY,easylist_adservers.txt,/storage01/repos/github/dns-test/EasyList/easylist_adservers.txt,2021-01-29 03:30:22.081076,1d1f71c797b69a2aeb10e192
19a782bc982.com,AVAILABILITY,easylist_adservers.txt,/storage01/repos/github/dns-test/EasyList/easylist_adservers.txt,2021-01-29 03:30:22.157831,1d1f71c797b69a2aeb10e192
19b45a16170729.com,AVAILABILITY,easylist_adservers.txt,/storage01/repos/github/dns-test/EasyList/easylist_adservers.txt,2021-01-29 03:30:22.389552,1d1f71c797b69a2aeb10e192
19beda38dc2ce42.com,AVAILABILITY,easylist_adservers.txt,/storage01/repos/github/dns-test/EasyList/easylist_adservers.txt,2021-01-29 03:30:22.476215,1d1f71c797b69a2aeb10e192
19d12dd9de1.com,AVAILABILITY,easylist_adservers.txt,/storage01/repos/github/dns-test/EasyList/easylist_adservers.txt,2021-01-29 03:30:22.686171,1d1f71c797b69a2aeb10e192
1ab5bb25e29d576.com,AVAILABILITY,easylist_adservers.txt,/storage01/repos/github/dns-test/EasyList/easylist_adservers.txt,2021-01-29 03:30:22.770532,1d1f71c797b69a2aeb10e192
1affmedia.com,AVAILABILITY,easylist_adservers.txt,/storage01/repos/github/dns-test/EasyList/easylist_adservers.txt,2021-01-29 03:30:22.950212,1d1f71c797b69a2aeb10e192
0c8a10b46fc6.com,AVAILABILITY,easylist_adservers.txt,/storage01/repos/github/dns-test/EasyList/easylist_adservers.txt,2021-01-29 03:30:25.743614,1d1f71c797b69a2aeb10e192
1b6a637cbe7bb65ac.com,AVAILABILITY,easylist_adservers.txt,/storage01/repos/github/dns-test/EasyList/easylist_adservers.txt,2021-01-29 03:30:26.008461,1d1f71c797b69a2aeb10e192
1bcde.com,AVAILABILITY,easylist_adservers.txt,/storage01/repos/github/dns-test/EasyList/easylist_adservers.txt,2021-01-29 03:30:26.207200,1d1f71c797b69a2aeb10e192
1ccbt.com,AVAILABILITY,easylist_adservers.txt,/storage01/repos/github/dns-test/EasyList/easylist_adservers.txt,2021-01-29 03:30:26.295373,1d1f71c797b69a2aeb10e192
1ced38bdc42b883.com,AVAILABILITY,easylist_adservers.txt,/storage01/repos/github/dns-test/EasyList/easylist_adservers.txt,2021-01-29 03:30:26.384057,1d1f71c797b69a2aeb10e192
1e310acae6aee.com,AVAILABILITY,easylist_adservers.txt,/storage01/repos/github/dns-test/EasyList/easylist_adservers.txt,2021-01-29 03:30:26.458596,1d1f71c797b69a2aeb10e192
1ex4oemg99mv.com,AVAILABILITY,easylist_adservers.txt,/storage01/repos/github/dns-test/EasyList/easylist_adservers.txt,2021-01-29 03:30:26.553712,1d1f71c797b69a2aeb10e192
1aogoh1j81g3.com,AVAILABILITY,easylist_adservers.txt,/storage01/repos/github/dns-test/EasyList/easylist_adservers.txt,2021-01-29 03:30:28.264281,1d1f71c797b69a2aeb10e192
1f7de8569ea97f0614.com,AVAILABILITY,easylist_adservers.txt,/storage01/repos/github/dns-test/EasyList/easylist_adservers.txt,2021-01-29 03:30:28.542699,1d1f71c797b69a2aeb10e192
1f7wwaex9rbh.com,AVAILABILITY,easylist_adservers.txt,/storage01/repos/github/dns-test/EasyList/easylist_adservers.txt,2021-01-29 03:30:28.719271,1d1f71c797b69a2aeb10e192
1han-rit-ten.com,AVAILABILITY,easylist_adservers.txt,/storage01/repos/github/dns-test/EasyList/easylist_adservers.txt,2021-01-29 03:30:28.784848,1d1f71c797b69a2aeb10e192
1hanritten.com,AVAILABILITY,easylist_adservers.txt,/storage01/repos/github/dns-test/EasyList/easylist_adservers.txt,2021-01-29 03:30:28.844834,1d1f71c797b69a2aeb10e192
1p1eqpotato.com,AVAILABILITY,easylist_adservers.txt,/storage01/repos/github/dns-test/EasyList/easylist_adservers.txt,2021-01-29 03:30:28.911688,1d1f71c797b69a2aeb10e192
1re.re,AVAILABILITY,easylist_adservers.txt,/storage01/repos/github/dns-test/EasyList/easylist_adservers.txt,2021-01-29 03:30:29.075575,1d1f71c797b69a2aeb10e192
1rkcd8exld.monster,AVAILABILITY,easylist_adservers.txt,/storage01/repos/github/dns-test/EasyList/easylist_adservers.txt,2021-01-29 03:30:29.219127,1d1f71c797b69a2aeb10e192
1rm.xyz,AVAILABILITY,easylist_adservers.txt,/storage01/repos/github/dns-test/EasyList/easylist_adservers.txt,2021-01-29 03:30:29.817238,1d1f71c797b69a2aeb10e192
1f58098dd54.com,AVAILABILITY,easylist_adservers.txt,/storage01/repos/github/dns-test/EasyList/easylist_adservers.txt,2021-01-29 03:32:36.736343,1d1f71c797b69a2aeb10e192
1st2nd.xyz,AVAILABILITY,easylist_adservers.txt,/storage01/repos/github/dns-test/EasyList/easylist_adservers.txt,2021-01-29 03:32:37.334322,1d1f71c797b69a2aeb10e192
1ts03.top,AVAILABILITY,easylist_adservers.txt,/storage01/repos/github/dns-test/EasyList/easylist_adservers.txt,2021-01-29 03:32:37.742613,1d1f71c797b69a2aeb10e192
1uejo00npy.buzz,AVAILABILITY,easylist_adservers.txt,/storage01/repos/github/dns-test/EasyList/easylist_adservers.txt,2021-01-29 03:32:37.890053,1d1f71c797b69a2aeb10e192
1ulebzhsv7.buzz,AVAILABILITY,easylist_adservers.txt,/storage01/repos/github/dns-test/EasyList/easylist_adservers.txt,2021-01-29 03:32:38.021301,1d1f71c797b69a2aeb10e192
2020mustang.com,AVAILABILITY,easylist_adservers.txt,/storage01/repos/github/dns-test/EasyList/easylist_adservers.txt,2021-01-29 03:32:38.275498,1d1f71c797b69a2aeb10e192
203fb7a4cb1.com,AVAILABILITY,easylist_adservers.txt,/storage01/repos/github/dns-test/EasyList/easylist_adservers.txt,2021-01-29 03:32:38.345445,1d1f71c797b69a2aeb10e192
10a053584f01fcaeab1.com,AVAILABILITY,easylist_adservers.txt,/storage01/repos/github/dns-test/EasyList/easylist_adservers.txt,2021-01-29 03:32:38.565839,1d1f71c797b69a2aeb10e192
20a840a14a0ef7d6.com,AVAILABILITY,easylist_adservers.txt,/storage01/repos/github/dns-test/EasyList/easylist_adservers.txt,2021-01-29 03:32:38.579029,1d1f71c797b69a2aeb10e192
20cefb09fe910f.com,AVAILABILITY,easylist_adservers.txt,/storage01/repos/github/dns-test/EasyList/easylist_adservers.txt,2021-01-29 03:32:38.661352,1d1f71c797b69a2aeb10e192
2137dc12f9d8.com,AVAILABILITY,easylist_adservers.txt,/storage01/repos/github/dns-test/EasyList/easylist_adservers.txt,2021-01-29 03:32:38.758397,1d1f71c797b69a2aeb10e192
165a7c15380874ef3.com,AVAILABILITY,easylist_adservers.txt,/storage01/repos/github/dns-test/EasyList/easylist_adservers.txt,2021-01-29 03:32:38.777638,1d1f71c797b69a2aeb10e192
21a3dd8ea39c0.com,AVAILABILITY,easylist_adservers.txt,/storage01/repos/github/dns-test/EasyList/easylist_adservers.txt,2021-01-29 03:32:38.984476,1d1f71c797b69a2aeb10e192
21c9a53484951.com,AVAILABILITY,easylist_adservers.txt,/storage01/repos/github/dns-test/EasyList/easylist_adservers.txt,2021-01-29 03:32:39.005890,1d1f71c797b69a2aeb10e192
21sexturycash.com,AVAILABILITY,easylist_adservers.txt,/storage01/repos/github/dns-test/EasyList/easylist_adservers.txt,2021-01-29 03:32:39.059047,1d1f71c797b69a2aeb10e192
220efda3143.com,AVAILABILITY,easylist_adservers.txt,/storage01/repos/github/dns-test/EasyList/easylist_adservers.txt,2021-01-29 03:32:39.076176,1d1f71c797b69a2aeb10e192
23205523023daea6.com,AVAILABILITY,easylist_adservers.txt,/storage01/repos/github/dns-test/EasyList/easylist_adservers.txt,2021-01-29 03:32:39.290639,1d1f71c797b69a2aeb10e192
2334ea708ab6d79.com,AVAILABILITY,easylist_adservers.txt,/storage01/repos/github/dns-test/EasyList/easylist_adservers.txt,2021-01-29 03:32:39.306068,1d1f71c797b69a2aeb10e192
233fb5b59351.com,AVAILABILITY,easylist_adservers.txt,/storage01/repos/github/dns-test/EasyList/easylist_adservers.txt,2021-01-29 03:32:39.373354,1d1f71c797b69a2aeb10e192
24-sportnews.com,AVAILABILITY,easylist_adservers.txt,/storage01/repos/github/dns-test/EasyList/easylist_adservers.txt,2021-01-29 03:32:39.390561,1d1f71c797b69a2aeb10e192
2444efc8cd8e.com,AVAILABILITY,easylist_adservers.txt,/storage01/repos/github/dns-test/EasyList/easylist_adservers.txt,2021-01-29 03:32:39.476633,1d1f71c797b69a2aeb10e192
110380d053f716c4.com,AVAILABILITY,easylist_adservers.txt,/storage01/repos/github/dns-test/EasyList/easylist_adservers.txt,2021-01-29 03:32:39.504051,1d1f71c797b69a2aeb10e192
12dc71b7cb820f2a.com,AVAILABILITY,easylist_adservers.txt,/storage01/repos/github/dns-test/EasyList/easylist_adservers.txt,2021-01-29 03:32:39.535899,1d1f71c797b69a2aeb10e192
25348f89a3.com,AVAILABILITY,easylist_adservers.txt,/storage01/repos/github/dns-test/EasyList/easylist_adservers.txt,2021-01-29 03:32:39.607653,1d1f71c797b69a2aeb10e192
24ad89fc2690ed9369.com,AVAILABILITY,easylist_adservers.txt,/storage01/repos/github/dns-test/EasyList/easylist_adservers.txt,2021-01-29 03:32:39.618736,1d1f71c797b69a2aeb10e192
24x7adservice.com,AVAILABILITY,easylist_adservers.txt,/storage01/repos/github/dns-test/EasyList/easylist_adservers.txt,2021-01-29 03:32:39.656809,1d1f71c797b69a2aeb10e192
273920d845b.com,AVAILABILITY,easylist_adservers.txt,/storage01/repos/github/dns-test/EasyList/easylist_adservers.txt,2021-01-29 03:32:39.694227,1d1f71c797b69a2aeb10e192
2559a303164ddde96.com,AVAILABILITY,easylist_adservers.txt,/storage01/repos/github/dns-test/EasyList/easylist_adservers.txt,2021-01-29 03:32:39.813744,1d1f71c797b69a2aeb10e192
2894c9d5b32.com,AVAILABILITY,easylist_adservers.txt,/storage01/repos/github/dns-test/EasyList/easylist_adservers.txt,2021-01-29 03:32:39.901592,1d1f71c797b69a2aeb10e192
27vckaccbto7p761.pro,AVAILABILITY,easylist_adservers.txt,/storage01/repos/github/dns-test/EasyList/easylist_adservers.txt,2021-01-29 03:32:39.943808,1d1f71c797b69a2aeb10e192
29d65cebb82ef9f.com,AVAILABILITY,easylist_adservers.txt,/storage01/repos/github/dns-test/EasyList/easylist_adservers.txt,2021-01-29 03:32:40.107680,1d1f71c797b69a2aeb10e192
2b43cb6a34a.com,AVAILABILITY,easylist_adservers.txt,/storage01/repos/github/dns-test/EasyList/easylist_adservers.txt,2021-01-29 03:32:40.199768,1d1f71c797b69a2aeb10e192
2b815136jjjv.com,AVAILABILITY,easylist_adservers.txt,/storage01/repos/github/dns-test/EasyList/easylist_adservers.txt,2021-01-29 03:32:40.287999,1d1f71c797b69a2aeb10e192
2bbb379103988619ef.com,AVAILABILITY,easylist_adservers.txt,/storage01/repos/github/dns-test/EasyList/easylist_adservers.txt,2021-01-29 03:32:40.376423,1d1f71c797b69a2aeb10e192
2c0dad36bdb9eb859f0.com,AVAILABILITY,easylist_adservers.txt,/storage01/repos/github/dns-test/EasyList/easylist_adservers.txt,2021-01-29 03:32:40.474228,1d1f71c797b69a2aeb10e192
2c3a97984f45.com,AVAILABILITY,easylist_adservers.txt,/storage01/repos/github/dns-test/EasyList/easylist_adservers.txt,2021-01-29 03:32:40.656492,1d1f71c797b69a2aeb10e192
2c6bcbbb82ce911.com,AVAILABILITY,easylist_adservers.txt,/storage01/repos/github/dns-test/EasyList/easylist_adservers.txt,2021-01-29 03:32:40.888098,1d1f71c797b69a2aeb10e192
2cnjuh34jb.com,AVAILABILITY,easylist_adservers.txt,/storage01/repos/github/dns-test/EasyList/easylist_adservers.txt,2021-01-29 03:32:40.963626,1d1f71c797b69a2aeb10e192
1sen-pit-fan.com,AVAILABILITY,easylist_adservers.txt,/storage01/repos/github/dns-test/EasyList/easylist_adservers.txt,2021-01-29 03:32:40.974437,1d1f71c797b69a2aeb10e192
2cnjuh34jbhub.com,AVAILABILITY,easylist_adservers.txt,/storage01/repos/github/dns-test/EasyList/easylist_adservers.txt,2021-01-29 03:32:41.038912,1d1f71c797b69a2aeb10e192
2cnjuh34jbman.com,AVAILABILITY,easylist_adservers.txt,/storage01/repos/github/dns-test/EasyList/easylist_adservers.txt,2021-01-29 03:32:41.072946,1d1f71c797b69a2aeb10e192
2cnjuh34jbpoint.com,AVAILABILITY,easylist_adservers.txt,/storage01/repos/github/dns-test/EasyList/easylist_adservers.txt,2021-01-29 03:32:41.130264,1d1f71c797b69a2aeb10e192
2cnjuh34jbstar.com,AVAILABILITY,easylist_adservers.txt,/storage01/repos/github/dns-test/EasyList/easylist_adservers.txt,2021-01-29 03:32:41.143295,1d1f71c797b69a2aeb10e192
2dbd87c7a091b.com,AVAILABILITY,easylist_adservers.txt,/storage01/repos/github/dns-test/EasyList/easylist_adservers.txt,2021-01-29 03:32:41.219456,1d1f71c797b69a2aeb10e192
2f5a1f1fab21a56.com,AVAILABILITY,easylist_adservers.txt,/storage01/repos/github/dns-test/EasyList/easylist_adservers.txt,2021-01-29 03:32:41.232087,1d1f71c797b69a2aeb10e192
2g6gj3aojcrj.com,AVAILABILITY,easylist_adservers.txt,/storage01/repos/github/dns-test/EasyList/easylist_adservers.txt,2021-01-29 03:32:41.300903,1d1f71c797b69a2aeb10e192
2kl08cd74f.com,AVAILABILITY,easylist_adservers.txt,/storage01/repos/github/dns-test/EasyList/easylist_adservers.txt,2021-01-29 03:32:41.472495,1d1f71c797b69a2aeb10e192
2oyb82awp8.monster,AVAILABILITY,easylist_adservers.txt,/storage01/repos/github/dns-test/EasyList/easylist_adservers.txt,2021-01-29 03:32:42.076600,1d1f71c797b69a2aeb10e192
2p9fyvx.com,AVAILABILITY,easylist_adservers.txt,/storage01/repos/github/dns-test/EasyList/easylist_adservers.txt,2021-01-29 03:32:42.346745,1d1f71c797b69a2aeb10e192
2sh8fouhk84h.com,AVAILABILITY,easylist_adservers.txt,/storage01/repos/github/dns-test/EasyList/easylist_adservers.txt,2021-01-29 03:32:42.425128,1d1f71c797b69a2aeb10e192
2solo.biz,AVAILABILITY,easylist_adservers.txt,/storage01/repos/github/dns-test/EasyList/easylist_adservers.txt,2021-01-29 03:32:42.735792,1d1f71c797b69a2aeb10e192
2tpwcqot22mb.com,AVAILABILITY,easylist_adservers.txt,/storage01/repos/github/dns-test/EasyList/easylist_adservers.txt,2021-01-29 03:32:42.837405,1d1f71c797b69a2aeb10e192
302a67cac6.com,AVAILABILITY,easylist_adservers.txt,/storage01/repos/github/dns-test/EasyList/easylist_adservers.txt,2021-01-29 03:32:42.951688,1d1f71c797b69a2aeb10e192
29ae58661b9c7178.com,AVAILABILITY,easylist_adservers.txt,/storage01/repos/github/dns-test/EasyList/easylist_adservers.txt,2021-01-29 03:33:14.023427,1d1f71c797b69a2aeb10e192
30b9e3a7d7e2b.com,AVAILABILITY,easylist_adservers.txt,/storage01/repos/github/dns-test/EasyList/easylist_adservers.txt,2021-01-29 03:33:14.294610,1d1f71c797b69a2aeb10e192
30yo.xyz,AVAILABILITY,easylist_adservers.txt,/storage01/repos/github/dns-test/EasyList/easylist_adservers.txt,2021-01-29 03:33:14.434995,1d1f71c797b69a2aeb10e192
3133a.xyz,AVAILABILITY,easylist_adservers.txt,/storage01/repos/github/dns-test/EasyList/easylist_adservers.txt,2021-01-29 03:33:15.017948,1d1f71c797b69a2aeb10e192
327d49j2xt0nsr6o.pro,AVAILABILITY,easylist_adservers.txt,/storage01/repos/github/dns-test/EasyList/easylist_adservers.txt,2021-01-29 03:33:15.560383,1d1f71c797b69a2aeb10e192
32979c00fcc59b5.com,AVAILABILITY,easylist_adservers.txt,/storage01/repos/github/dns-test/EasyList/easylist_adservers.txt,2021-01-29 03:33:15.790340,1d1f71c797b69a2aeb10e192
32a79e2833309ebe.com,AVAILABILITY,easylist_adservers.txt,/storage01/repos/github/dns-test/EasyList/easylist_adservers.txt,2021-01-29 03:33:15.910985,1d1f71c797b69a2aeb10e192
3381e74f70adfb59.com,AVAILABILITY,easylist_adservers.txt,/storage01/repos/github/dns-test/EasyList/easylist_adservers.txt,2021-01-29 03:33:16.157962,1d1f71c797b69a2aeb10e192
33ae985c0ea917.com,AVAILABILITY,easylist_adservers.txt,/storage01/repos/github/dns-test/EasyList/easylist_adservers.txt,2021-01-29 03:33:16.381621,1d1f71c797b69a2aeb10e192
340ca72733c9e46fb1.com,AVAILABILITY,easylist_adservers.txt,/storage01/repos/github/dns-test/EasyList/easylist_adservers.txt,2021-01-29 03:33:16.613615,1d1f71c797b69a2aeb10e192
341073be6e9db7d2.com,AVAILABILITY,easylist_adservers.txt,/storage01/repos/github/dns-test/EasyList/easylist_adservers.txt,2021-01-29 03:33:16.692013,1d1f71c797b69a2aeb10e192
20afcc1f257.com,AVAILABILITY,easylist_adservers.txt,/storage01/repos/github/dns-test/EasyList/easylist_adservers.txt,2021-01-29 03:34:48.657468,1d1f71c797b69a2aeb10e192
34baedd2d0b9.com,AVAILABILITY,easylist_adservers.txt,/storage01/repos/github/dns-test/EasyList/easylist_adservers.txt,2021-01-29 03:34:48.875319,1d1f71c797b69a2aeb10e192
34c2f22e9503ace.com,AVAILABILITY,easylist_adservers.txt,/storage01/repos/github/dns-test/EasyList/easylist_adservers.txt,2021-01-29 03:34:49.004935,1d1f71c797b69a2aeb10e192
34ed5da2977d1ace.com,AVAILABILITY,easylist_adservers.txt,/storage01/repos/github/dns-test/EasyList/easylist_adservers.txt,2021-01-29 03:34:49.200617,1d1f71c797b69a2aeb10e192
35d59588f15966.com,AVAILABILITY,easylist_adservers.txt,/storage01/repos/github/dns-test/EasyList/easylist_adservers.txt,2021-01-29 03:34:49.366462,1d1f71c797b69a2aeb10e192
35jd5gql9m.monster,AVAILABILITY,easylist_adservers.txt,/storage01/repos/github/dns-test/EasyList/easylist_adservers.txt,2021-01-29 03:34:49.996304,1d1f71c797b69a2aeb10e192
362b643a66026e.com,AVAILABILITY,easylist_adservers.txt,/storage01/repos/github/dns-test/EasyList/easylist_adservers.txt,2021-01-29 03:34:50.133098,1d1f71c797b69a2aeb10e192
366b662cf9.com,AVAILABILITY,easylist_adservers.txt,/storage01/repos/github/dns-test/EasyList/easylist_adservers.txt,2021-01-29 03:34:50.260237,1d1f71c797b69a2aeb10e192
367e8bed2a847.com,AVAILABILITY,easylist_adservers.txt,/storage01/repos/github/dns-test/EasyList/easylist_adservers.txt,2021-01-29 03:34:50.491438,1d1f71c797b69a2aeb10e192
36a5b7eb2808.com,AVAILABILITY,easylist_adservers.txt,/storage01/repos/github/dns-test/EasyList/easylist_adservers.txt,2021-01-29 03:34:50.578209,1d1f71c797b69a2aeb10e192
36c00e71c2df28.com,AVAILABILITY,easylist_adservers.txt,/storage01/repos/github/dns-test/EasyList/easylist_adservers.txt,2021-01-29 03:34:50.650980,1d1f71c797b69a2aeb10e192
3761fcd24ef9281f5.com,AVAILABILITY,easylist_adservers.txt,/storage01/repos/github/dns-test/EasyList/easylist_adservers.txt,2021-01-29 03:34:50.836780,1d1f71c797b69a2aeb10e192
2hanwriten.com,AVAILABILITY,easylist_adservers.txt,/storage01/repos/github/dns-test/EasyList/easylist_adservers.txt,2021-01-29 03:34:51.270115,1d1f71c797b69a2aeb10e192
394b8b41ac5305d.com,AVAILABILITY,easylist_adservers.txt,/storage01/repos/github/dns-test/EasyList/easylist_adservers.txt,2021-01-29 03:34:51.473491,1d1f71c797b69a2aeb10e192
395e27cfc83ea88f.com,AVAILABILITY,easylist_adservers.txt,/storage01/repos/github/dns-test/EasyList/easylist_adservers.txt,2021-01-29 03:34:51.738049,1d1f71c797b69a2aeb10e192
39d1d397c97730.com,AVAILABILITY,easylist_adservers.txt,/storage01/repos/github/dns-test/EasyList/easylist_adservers.txt,2021-01-29 03:34:51.977399,1d1f71c797b69a2aeb10e192
3a8c9b0ca405b5.com,AVAILABILITY,easylist_adservers.txt,/storage01/repos/github/dns-test/EasyList/easylist_adservers.txt,2021-01-29 03:34:52.260973,1d1f71c797b69a2aeb10e192
3ab171502b3.com,AVAILABILITY,easylist_adservers.txt,/storage01/repos/github/dns-test/EasyList/easylist_adservers.txt,2021-01-29 03:34:52.406328,1d1f71c797b69a2aeb10e192
3ac901bf5793b0fccff.com,AVAILABILITY,easylist_adservers.txt,/storage01/repos/github/dns-test/EasyList/easylist_adservers.txt,2021-01-29 03:34:52.504750,1d1f71c797b69a2aeb10e192
304c40d20085e.com,AVAILABILITY,easylist_adservers.txt,/storage01/repos/github/dns-test/EasyList/easylist_adservers.txt,2021-01-29 03:34:52.974200,1d1f71c797b69a2aeb10e192
3c0012ab95c132f.com,AVAILABILITY,easylist_adservers.txt,/storage01/repos/github/dns-test/EasyList/easylist_adservers.txt,2021-01-29 03:34:53.331175,1d1f71c797b69a2aeb10e192
3c513c1d3255c.com,AVAILABILITY,easylist_adservers.txt,/storage01/repos/github/dns-test/EasyList/easylist_adservers.txt,2021-01-29 03:34:53.517490,1d1f71c797b69a2aeb10e192
3ca28642b714623b2.com,AVAILABILITY,easylist_adservers.txt,/storage01/repos/github/dns-test/EasyList/easylist_adservers.txt,2021-01-29 03:34:53.759537,1d1f71c797b69a2aeb10e192
3cd99930e27056f89.com,AVAILABILITY,easylist_adservers.txt,/storage01/repos/github/dns-test/EasyList/easylist_adservers.txt,2021-01-29 03:34:54.007708,1d1f71c797b69a2aeb10e192
3d0da2373af57.com,AVAILABILITY,easylist_adservers.txt,/storage01/repos/github/dns-test/EasyList/easylist_adservers.txt,2021-01-29 03:34:54.351516,1d1f71c797b69a2aeb10e192
3d1a1e7f6db3.com,AVAILABILITY,easylist_adservers.txt,/storage01/repos/github/dns-test/EasyList/easylist_adservers.txt,2021-01-29 03:34:54.487902,1d1f71c797b69a2aeb10e192
2778255fe56.com,AVAILABILITY,easylist_adservers.txt,/storage01/repos/github/dns-test/EasyList/easylist_adservers.txt,2021-01-29 03:34:54.580416,1d1f71c797b69a2aeb10e192
3d643f542787c62a7.com,AVAILABILITY,easylist_adservers.txt,/storage01/repos/github/dns-test/EasyList/easylist_adservers.txt,2021-01-29 03:34:54.653706,1d1f71c797b69a2aeb10e192
3f32172d509aeb0.com,AVAILABILITY,easylist_adservers.txt,/storage01/repos/github/dns-test/EasyList/easylist_adservers.txt,2021-01-29 03:34:54.736799,1d1f71c797b69a2aeb10e192
3f9f440ecad916.com,AVAILABILITY,easylist_adservers.txt,/storage01/repos/github/dns-test/EasyList/easylist_adservers.txt,2021-01-29 03:34:54.808259,1d1f71c797b69a2aeb10e192
3gporn.biz,AVAILABILITY,easylist_adservers.txt,/storage01/repos/github/dns-test/EasyList/easylist_adservers.txt,2021-01-29 03:34:54.957550,1d1f71c797b69a2aeb10e192
3npsgv2sx5.com,AVAILABILITY,easylist_adservers.txt,/storage01/repos/github/dns-test/EasyList/easylist_adservers.txt,2021-01-29 03:34:55.105059,1d1f71c797b69a2aeb10e192
3djd3.xyz,AVAILABILITY,easylist_adservers.txt,/storage01/repos/github/dns-test/EasyList/easylist_adservers.txt,2021-01-29 03:34:55.170527,1d1f71c797b69a2aeb10e192
3p42lylmo2.monster,AVAILABILITY,easylist_adservers.txt,/storage01/repos/github/dns-test/EasyList/easylist_adservers.txt,2021-01-29 03:34:55.235694,1d1f71c797b69a2aeb10e192
3wdf4.xyz,AVAILABILITY,easylist_adservers.txt,/storage01/repos/github/dns-test/EasyList/easylist_adservers.txt,2021-01-29 03:34:55.369998,1d1f71c797b69a2aeb10e192
3ue2j83u33.monster,AVAILABILITY,easylist_adservers.txt,/storage01/repos/github/dns-test/EasyList/easylist_adservers.txt,2021-01-29 03:34:55.763352,1d1f71c797b69a2aeb10e192
3ye7lbhnlk.xyz,AVAILABILITY,easylist_adservers.txt,/storage01/repos/github/dns-test/EasyList/easylist_adservers.txt,2021-01-29 03:34:55.835261,1d1f71c797b69a2aeb10e192
3wr110.xyz,AVAILABILITY,easylist_adservers.txt,/storage01/repos/github/dns-test/EasyList/easylist_adservers.txt,2021-01-29 03:34:56.060052,1d1f71c797b69a2aeb10e192
407433bfc441.com,AVAILABILITY,easylist_adservers.txt,/storage01/repos/github/dns-test/EasyList/easylist_adservers.txt,2021-01-29 03:34:56.161112,1d1f71c797b69a2aeb10e192
40a1eca447d.com,AVAILABILITY,easylist_adservers.txt,/storage01/repos/github/dns-test/EasyList/easylist_adservers.txt,2021-01-29 03:34:56.224377,1d1f71c797b69a2aeb10e192
40ceexln7929.com,AVAILABILITY,easylist_adservers.txt,/storage01/repos/github/dns-test/EasyList/easylist_adservers.txt,2021-01-29 03:34:56.329843,1d1f71c797b69a2aeb10e192
41df76c67812005c.com,AVAILABILITY,easylist_adservers.txt,/storage01/repos/github/dns-test/EasyList/easylist_adservers.txt,2021-01-29 03:34:56.422427,1d1f71c797b69a2aeb10e192
344dea1d6d130a7e8e.com,AVAILABILITY,easylist_adservers.txt,/storage01/repos/github/dns-test/EasyList/easylist_adservers.txt,2021-01-29 03:35:25.613689,1d1f71c797b69a2aeb10e192
4232f0badcf.com,AVAILABILITY,easylist_adservers.txt,/storage01/repos/github/dns-test/EasyList/easylist_adservers.txt,2021-01-29 03:35:25.729036,1d1f71c797b69a2aeb10e192
427tbezplqv5.com,AVAILABILITY,easylist_adservers.txt,/storage01/repos/github/dns-test/EasyList/easylist_adservers.txt,2021-01-29 03:35:25.815270,1d1f71c797b69a2aeb10e192
42a5d530ec972d8994.com,AVAILABILITY,easylist_adservers.txt,/storage01/repos/github/dns-test/EasyList/easylist_adservers.txt,2021-01-29 03:35:26.078899,1d1f71c797b69a2aeb10e192
42eed1a0d9c129.com,AVAILABILITY,easylist_adservers.txt,/storage01/repos/github/dns-test/EasyList/easylist_adservers.txt,2021-01-29 03:35:26.246810,1d1f71c797b69a2aeb10e192
43137c93a82b0e81da.com,AVAILABILITY,easylist_adservers.txt,/storage01/repos/github/dns-test/EasyList/easylist_adservers.txt,2021-01-29 03:35:27.340435,1d1f71c797b69a2aeb10e192
43d6f284d10bfbbb3.com,AVAILABILITY,easylist_adservers.txt,/storage01/repos/github/dns-test/EasyList/easylist_adservers.txt,2021-01-29 03:35:27.426679,1d1f71c797b69a2aeb10e192
442d9f2ac50ca502.com,AVAILABILITY,easylist_adservers.txt,/storage01/repos/github/dns-test/EasyList/easylist_adservers.txt,2021-01-29 03:35:27.518076,1d1f71c797b69a2aeb10e192
4465ef53c8ffded.com,AVAILABILITY,easylist_adservers.txt,/storage01/repos/github/dns-test/EasyList/easylist_adservers.txt,2021-01-29 03:35:27.766089,1d1f71c797b69a2aeb10e192
448ff4fcfcd199a.com,AVAILABILITY,easylist_adservers.txt,/storage01/repos/github/dns-test/EasyList/easylist_adservers.txt,2021-01-29 03:35:27.863748,1d1f71c797b69a2aeb10e192
45f2373b26b8e2.com,AVAILABILITY,easylist_adservers.txt,/storage01/repos/github/dns-test/EasyList/easylist_adservers.txt,2021-01-29 03:35:28.093567,1d1f71c797b69a2aeb10e192
46186911.vtt,AVAILABILITY,easylist_adservers.txt,/storage01/repos/github/dns-test/EasyList/easylist_adservers.txt,2021-01-29 03:35:30.029657,1d1f71c797b69a2aeb10e192
4702fb341ddf276d.com,AVAILABILITY,easylist_adservers.txt,/storage01/repos/github/dns-test/EasyList/easylist_adservers.txt,2021-01-29 03:35:30.282838,1d1f71c797b69a2aeb10e192
473863a8ef28.com,AVAILABILITY,easylist_adservers.txt,/storage01/repos/github/dns-test/EasyList/easylist_adservers.txt,2021-01-29 03:35:30.515272,1d1f71c797b69a2aeb10e192
48331375c351e.com,AVAILABILITY,easylist_adservers.txt,/storage01/repos/github/dns-test/EasyList/easylist_adservers.txt,2021-01-29 03:35:30.619490,1d1f71c797b69a2aeb10e192
48423894b2a24481.com,AVAILABILITY,easylist_adservers.txt,/storage01/repos/github/dns-test/EasyList/easylist_adservers.txt,2021-01-29 03:35:30.856497,1d1f71c797b69a2aeb10e192
493b98cce8bc1a2dd.com,AVAILABILITY,easylist_adservers.txt,/storage01/repos/github/dns-test/EasyList/easylist_adservers.txt,2021-01-29 03:35:30.966306,1d1f71c797b69a2aeb10e192
4a93ed09d81f.com,AVAILABILITY,easylist_adservers.txt,/storage01/repos/github/dns-test/EasyList/easylist_adservers.txt,2021-01-29 03:35:31.051912,1d1f71c797b69a2aeb10e192
4ac484684040.com,AVAILABILITY,easylist_adservers.txt,/storage01/repos/github/dns-test/EasyList/easylist_adservers.txt,2021-01-29 03:35:31.145246,1d1f71c797b69a2aeb10e192
4ak50p1xo77f.com,AVAILABILITY,easylist_adservers.txt,/storage01/repos/github/dns-test/EasyList/easylist_adservers.txt,2021-01-29 03:35:31.232402,1d1f71c797b69a2aeb10e192
4b05ca5688bff79.com,AVAILABILITY,easylist_adservers.txt,/storage01/repos/github/dns-test/EasyList/easylist_adservers.txt,2021-01-29 03:35:31.312479,1d1f71c797b69a2aeb10e192
4c13cac4bb.com,AVAILABILITY,easylist_adservers.txt,/storage01/repos/github/dns-test/EasyList/easylist_adservers.txt,2021-01-29 03:35:31.398571,1d1f71c797b69a2aeb10e192
4c935d6a244f.com,AVAILABILITY,easylist_adservers.txt,/storage01/repos/github/dns-test/EasyList/easylist_adservers.txt,2021-01-29 03:35:58.617250,1d1f71c797b69a2aeb10e192
4cr447ewncl4.com,AVAILABILITY,easylist_adservers.txt,/storage01/repos/github/dns-test/EasyList/easylist_adservers.txt,2021-01-29 03:35:58.704922,1d1f71c797b69a2aeb10e192
4dtrk.com,AVAILABILITY,easylist_adservers.txt,/storage01/repos/github/dns-test/EasyList/easylist_adservers.txt,2021-01-29 03:35:58.786522,1d1f71c797b69a2aeb10e192
3878896c72ed218.com,AVAILABILITY,easylist_adservers.txt,/storage01/repos/github/dns-test/EasyList/easylist_adservers.txt,2021-01-29 03:36:59.012793,1d1f71c797b69a2aeb10e192
3b0b68c876376f7311.com,AVAILABILITY,easylist_adservers.txt,/storage01/repos/github/dns-test/EasyList/easylist_adservers.txt,2021-01-29 03:37:02.649455,1d1f71c797b69a2aeb10e192
4edidqmtzlsa.com,AVAILABILITY,easylist_adservers.txt,/storage01/repos/github/dns-test/EasyList/easylist_adservers.txt,2021-01-29 03:37:02.735949,1d1f71c797b69a2aeb10e192
4f6b2af479d337cf.com,AVAILABILITY,easylist_adservers.txt,/storage01/repos/github/dns-test/EasyList/easylist_adservers.txt,2021-01-29 03:37:02.966177,1d1f71c797b69a2aeb10e192
4f9d88054fa2b.com,AVAILABILITY,easylist_adservers.txt,/storage01/repos/github/dns-test/EasyList/easylist_adservers.txt,2021-01-29 03:37:03.071129,1d1f71c797b69a2aeb10e192
4141d006e4f4dd17ab9.com,AVAILABILITY,easylist_adservers.txt,/storage01/repos/github/dns-test/EasyList/easylist_adservers.txt,2021-01-29 03:37:04.548505,1d1f71c797b69a2aeb10e192
4ib3rzfjqh.buzz,AVAILABILITY,easylist_adservers.txt,/storage01/repos/github/dns-test/EasyList/easylist_adservers.txt,2021-01-29 03:37:04.668133,1d1f71c797b69a2aeb10e192
4ixbffsib0.monster,AVAILABILITY,easylist_adservers.txt,/storage01/repos/github/dns-test/EasyList/easylist_adservers.txt,2021-01-29 03:37:04.789933,1d1f71c797b69a2aeb10e192
4jpf0karrejn6yla.pro,AVAILABILITY,easylist_adservers.txt,/storage01/repos/github/dns-test/EasyList/easylist_adservers.txt,2021-01-29 03:37:05.066352,1d1f71c797b69a2aeb10e192
4kmovies.online,AVAILABILITY,easylist_adservers.txt,/storage01/repos/github/dns-test/EasyList/easylist_adservers.txt,2021-01-29 03:37:05.654832,1d1f71c797b69a2aeb10e192
4o7cj36hbaip.com,AVAILABILITY,easylist_adservers.txt,/storage01/repos/github/dns-test/EasyList/easylist_adservers.txt,2021-01-29 03:37:05.767582,1d1f71c797b69a2aeb10e192
4prgkoj870j9.com,AVAILABILITY,easylist_adservers.txt,/storage01/repos/github/dns-test/EasyList/easylist_adservers.txt,2021-01-29 03:37:05.854755,1d1f71c797b69a2aeb10e192
4rt6auqet2rx.com,AVAILABILITY,easylist_adservers.txt,/storage01/repos/github/dns-test/EasyList/easylist_adservers.txt,2021-01-29 03:37:05.997361,1d1f71c797b69a2aeb10e192
4t6u1amm3t3n.com,AVAILABILITY,easylist_adservers.txt,/storage01/repos/github/dns-test/EasyList/easylist_adservers.txt,2021-01-29 03:37:06.113526,1d1f71c797b69a2aeb10e192
4v7vq7w8co.xyz,AVAILABILITY,easylist_adservers.txt,/storage01/repos/github/dns-test/EasyList/easylist_adservers.txt,2021-01-29 03:37:06.239122,1d1f71c797b69a2aeb10e192
500969adcf7ae838.com,AVAILABILITY,easylist_adservers.txt,/storage01/repos/github/dns-test/EasyList/easylist_adservers.txt,2021-01-29 03:37:06.474955,1d1f71c797b69a2aeb10e192
508ec56533e3937e.com,AVAILABILITY,easylist_adservers.txt,/storage01/repos/github/dns-test/EasyList/easylist_adservers.txt,2021-01-29 03:37:06.559341,1d1f71c797b69a2aeb10e192
41ef19c0f0794e058c.com,AVAILABILITY,easylist_adservers.txt,/storage01/repos/github/dns-test/EasyList/easylist_adservers.txt,2021-01-29 03:37:06.585991,1d1f71c797b69a2aeb10e192
51189fb815.com,AVAILABILITY,easylist_adservers.txt,/storage01/repos/github/dns-test/EasyList/easylist_adservers.txt,2021-01-29 03:37:06.658428,1d1f71c797b69a2aeb10e192
50trk.com,AVAILABILITY,easylist_adservers.txt,/storage01/repos/github/dns-test/EasyList/easylist_adservers.txt,2021-01-29 03:37:06.737572,1d1f71c797b69a2aeb10e192
517pn6he9p5r.com,AVAILABILITY,easylist_adservers.txt,/storage01/repos/github/dns-test/EasyList/easylist_adservers.txt,2021-01-29 03:37:06.747011,1d1f71c797b69a2aeb10e192
523c579923fd35aa.com,AVAILABILITY,easylist_adservers.txt,/storage01/repos/github/dns-test/EasyList/easylist_adservers.txt,2021-01-29 03:37:06.824282,1d1f71c797b69a2aeb10e192
544bd1e82a9c8c39.com,AVAILABILITY,easylist_adservers.txt,/storage01/repos/github/dns-test/EasyList/easylist_adservers.txt,2021-01-29 03:37:06.911133,1d1f71c797b69a2aeb10e192
538b5d8f303be.com,AVAILABILITY,easylist_adservers.txt,/storage01/repos/github/dns-test/EasyList/easylist_adservers.txt,2021-01-29 03:37:06.982022,1d1f71c797b69a2aeb10e192
54ca10abaa788.com,AVAILABILITY,easylist_adservers.txt,/storage01/repos/github/dns-test/EasyList/easylist_adservers.txt,2021-01-29 03:37:06.991263,1d1f71c797b69a2aeb10e192
552239b90400b7.com,AVAILABILITY,easylist_adservers.txt,/storage01/repos/github/dns-test/EasyList/easylist_adservers.txt,2021-01-29 03:37:07.110122,1d1f71c797b69a2aeb10e192
55d6000d6d.com,AVAILABILITY,easylist_adservers.txt,/storage01/repos/github/dns-test/EasyList/easylist_adservers.txt,2021-01-29 03:37:07.185149,1d1f71c797b69a2aeb10e192
550b3ikb9j.com,AVAILABILITY,easylist_adservers.txt,/storage01/repos/github/dns-test/EasyList/easylist_adservers.txt,2021-01-29 03:37:07.206076,1d1f71c797b69a2aeb10e192
563015cf3d.com,AVAILABILITY,easylist_adservers.txt,/storage01/repos/github/dns-test/EasyList/easylist_adservers.txt,2021-01-29 03:37:07.262452,1d1f71c797b69a2aeb10e192
56bc7e3668e952c.com,AVAILABILITY,easylist_adservers.txt,/storage01/repos/github/dns-test/EasyList/easylist_adservers.txt,2021-01-29 03:37:07.439096,1d1f71c797b69a2aeb10e192
5726303d87522d05.com,AVAILABILITY,easylist_adservers.txt,/storage01/repos/github/dns-test/EasyList/easylist_adservers.txt,2021-01-29 03:37:07.670930,1d1f71c797b69a2aeb10e192
57473b6b571.com,AVAILABILITY,easylist_adservers.txt,/storage01/repos/github/dns-test/EasyList/easylist_adservers.txt,2021-01-29 03:37:07.907382,1d1f71c797b69a2aeb10e192
57fd2911f09b76.com,AVAILABILITY,easylist_adservers.txt,/storage01/repos/github/dns-test/EasyList/easylist_adservers.txt,2021-01-29 03:37:08.134995,1d1f71c797b69a2aeb10e192
584e8fce1b418.com,AVAILABILITY,easylist_adservers.txt,/storage01/repos/github/dns-test/EasyList/easylist_adservers.txt,2021-01-29 03:37:08.213051,1d1f71c797b69a2aeb10e192
58b14921719ec.com,AVAILABILITY,easylist_adservers.txt,/storage01/repos/github/dns-test/EasyList/easylist_adservers.txt,2021-01-29 03:37:08.454454,1d1f71c797b69a2aeb10e192
58b291f917728a2.com,AVAILABILITY,easylist_adservers.txt,/storage01/repos/github/dns-test/EasyList/easylist_adservers.txt,2021-01-29 03:37:08.622712,1d1f71c797b69a2aeb10e192
58f7c1ff30eb.com,AVAILABILITY,easylist_adservers.txt,/storage01/repos/github/dns-test/EasyList/easylist_adservers.txt,2021-01-29 03:37:08.697941,1d1f71c797b69a2aeb10e192
59a8e0d6fa2.com,AVAILABILITY,easylist_adservers.txt,/storage01/repos/github/dns-test/EasyList/easylist_adservers.txt,2021-01-29 03:37:08.778624,1d1f71c797b69a2aeb10e192
59e6ea7248001c.com,AVAILABILITY,easylist_adservers.txt,/storage01/repos/github/dns-test/EasyList/easylist_adservers.txt,2021-01-29 03:37:09.014448,1d1f71c797b69a2aeb10e192
5a60bfdc522.com,AVAILABILITY,easylist_adservers.txt,/storage01/repos/github/dns-test/EasyList/easylist_adservers.txt,2021-01-29 03:37:09.115730,1d1f71c797b69a2aeb10e192
5aa8f31e2f5d.com,AVAILABILITY,easylist_adservers.txt,/storage01/repos/github/dns-test/EasyList/easylist_adservers.txt,2021-01-29 03:37:09.192839,1d1f71c797b69a2aeb10e192
5b5a93686577c13.com,AVAILABILITY,easylist_adservers.txt,/storage01/repos/github/dns-test/EasyList/easylist_adservers.txt,2021-01-29 03:37:09.361782,1d1f71c797b69a2aeb10e192
5c43cbc0f41.com,AVAILABILITY,easylist_adservers.txt,/storage01/repos/github/dns-test/EasyList/easylist_adservers.txt,2021-01-29 03:37:09.435224,1d1f71c797b69a2aeb10e192
5c577fc74618431b.com,AVAILABILITY,easylist_adservers.txt,/storage01/repos/github/dns-test/EasyList/easylist_adservers.txt,2021-01-29 03:37:09.519093,1d1f71c797b69a2aeb10e192
5cwr93yyd4lf.com,AVAILABILITY,easylist_adservers.txt,/storage01/repos/github/dns-test/EasyList/easylist_adservers.txt,2021-01-29 03:37:09.609727,1d1f71c797b69a2aeb10e192
5d02977f6511aa.com,AVAILABILITY,easylist_adservers.txt,/storage01/repos/github/dns-test/EasyList/easylist_adservers.txt,2021-01-29 03:37:09.839753,1d1f71c797b69a2aeb10e192
5dabf928ad9ad4.com,AVAILABILITY,easylist_adservers.txt,/storage01/repos/github/dns-test/EasyList/easylist_adservers.txt,2021-01-29 03:37:10.100354,1d1f71c797b69a2aeb10e192
5e1fcb75b6d662d.com,AVAILABILITY,easylist_adservers.txt,/storage01/repos/github/dns-test/EasyList/easylist_adservers.txt,2021-01-29 03:37:10.334596,1d1f71c797b69a2aeb10e192
24smile.org,AVAILABILITY,easylist_adservers.txt,/storage01/repos/github/dns-test/EasyList/easylist_adservers.txt,2021-01-29 03:37:17.093790,1d1f71c797b69a2aeb10e192
5f6dmzflgqso.com,AVAILABILITY,easylist_adservers.txt,/storage01/repos/github/dns-test/EasyList/easylist_adservers.txt,2021-01-29 03:37:17.217587,1d1f71c797b69a2aeb10e192
5gsb4ospxp.monster,AVAILABILITY,easylist_adservers.txt,/storage01/repos/github/dns-test/EasyList/easylist_adservers.txt,2021-01-29 03:37:17.811049,1d1f71c797b69a2aeb10e192
5hf7bamsub.xyz,AVAILABILITY,easylist_adservers.txt,/storage01/repos/github/dns-test/EasyList/easylist_adservers.txt,2021-01-29 03:37:17.934956,1d1f71c797b69a2aeb10e192
5okyhhthcu.xyz,AVAILABILITY,easylist_adservers.txt,/storage01/repos/github/dns-test/EasyList/easylist_adservers.txt,2021-01-29 03:37:18.975835,1d1f71c797b69a2aeb10e192
5pr1sfzsl9.com,AVAILABILITY,easylist_adservers.txt,/storage01/repos/github/dns-test/EasyList/easylist_adservers.txt,2021-01-29 03:37:19.132718,1d1f71c797b69a2aeb10e192
5t59uw2iuh.com,AVAILABILITY,easylist_adservers.txt,/storage01/repos/github/dns-test/EasyList/easylist_adservers.txt,2021-01-29 03:37:19.365696,1d1f71c797b69a2aeb10e192
5vs3vvkjge.buzz,AVAILABILITY,easylist_adservers.txt,/storage01/repos/github/dns-test/EasyList/easylist_adservers.txt,2021-01-29 03:37:19.489800,1d1f71c797b69a2aeb10e192
5wuefo9haif3.com,AVAILABILITY,easylist_adservers.txt,/storage01/repos/github/dns-test/EasyList/easylist_adservers.txt,2021-01-29 03:37:19.574470,1d1f71c797b69a2aeb10e192
5x5i5tj2u97w.com,AVAILABILITY,easylist_adservers.txt,/storage01/repos/github/dns-test/EasyList/easylist_adservers.txt,2021-01-29 03:37:19.663923,1d1f71c797b69a2aeb10e192
5yw028ngxe9x.com,AVAILABILITY,easylist_adservers.txt,/storage01/repos/github/dns-test/EasyList/easylist_adservers.txt,2021-01-29 03:37:19.745479,1d1f71c797b69a2aeb10e192
602d76e204c032.com,AVAILABILITY,easylist_adservers.txt,/storage01/repos/github/dns-test/EasyList/easylist_adservers.txt,2021-01-29 03:37:19.914538,1d1f71c797b69a2aeb10e192
6068a17eed25.com,AVAILABILITY,easylist_adservers.txt,/storage01/repos/github/dns-test/EasyList/easylist_adservers.txt,2021-01-29 03:37:20.015804,1d1f71c797b69a2aeb10e192
615b68cc9c8528e.com,AVAILABILITY,easylist_adservers.txt,/storage01/repos/github/dns-test/EasyList/easylist_adservers.txt,2021-01-29 03:37:20.312329,1d1f71c797b69a2aeb10e192
61739011039d41a.com,AVAILABILITY,easylist_adservers.txt,/storage01/repos/github/dns-test/EasyList/easylist_adservers.txt,2021-01-29 03:37:20.552872,1d1f71c797b69a2aeb10e192
620c663bca9a4.com,AVAILABILITY,easylist_adservers.txt,/storage01/repos/github/dns-test/EasyList/easylist_adservers.txt,2021-01-29 03:37:20.798193,1d1f71c797b69a2aeb10e192
625c9289e60793.com,AVAILABILITY,easylist_adservers.txt,/storage01/repos/github/dns-test/EasyList/easylist_adservers.txt,2021-01-29 03:37:21.064158,1d1f71c797b69a2aeb10e192
62b70ac32d4614b.com,AVAILABILITY,easylist_adservers.txt,/storage01/repos/github/dns-test/EasyList/easylist_adservers.txt,2021-01-29 03:37:21.327271,1d1f71c797b69a2aeb10e192
63fut3uw0b.xyz,AVAILABILITY,easylist_adservers.txt,/storage01/repos/github/dns-test/EasyList/easylist_adservers.txt,2021-01-29 03:37:21.451678,1d1f71c797b69a2aeb10e192
63r2vxacp0pr.com,AVAILABILITY,easylist_adservers.txt,/storage01/repos/github/dns-test/EasyList/easylist_adservers.txt,2021-01-29 03:37:21.536872,1d1f71c797b69a2aeb10e192
63voy9ciyi14.com,AVAILABILITY,easylist_adservers.txt,/storage01/repos/github/dns-test/EasyList/easylist_adservers.txt,2021-01-29 03:37:21.631163,1d1f71c797b69a2aeb10e192
56bfc388bf12.com,AVAILABILITY,easylist_adservers.txt,/storage01/repos/github/dns-test/EasyList/easylist_adservers.txt,2021-01-29 03:37:35.154989,1d1f71c797b69a2aeb10e192
641198810fae7.com,AVAILABILITY,easylist_adservers.txt,/storage01/repos/github/dns-test/EasyList/easylist_adservers.txt,2021-01-29 03:37:35.446814,1d1f71c797b69a2aeb10e192
645yvcj6c8rn.com,AVAILABILITY,easylist_adservers.txt,/storage01/repos/github/dns-test/EasyList/easylist_adservers.txt,2021-01-29 03:37:35.537673,1d1f71c797b69a2aeb10e192
64aa81cd247ea32d.com,AVAILABILITY,easylist_adservers.txt,/storage01/repos/github/dns-test/EasyList/easylist_adservers.txt,2021-01-29 03:37:35.777617,1d1f71c797b69a2aeb10e192
651b4ee436b8cdae.com,AVAILABILITY,easylist_adservers.txt,/storage01/repos/github/dns-test/EasyList/easylist_adservers.txt,2021-01-29 03:37:36.022133,1d1f71c797b69a2aeb10e192
6548579f50dc08be9.com,AVAILABILITY,easylist_adservers.txt,/storage01/repos/github/dns-test/EasyList/easylist_adservers.txt,2021-01-29 03:37:36.314906,1d1f71c797b69a2aeb10e192
65a29ceed813bbca61.com,AVAILABILITY,easylist_adservers.txt,/storage01/repos/github/dns-test/EasyList/easylist_adservers.txt,2021-01-29 03:37:36.561636,1d1f71c797b69a2aeb10e192
660a755deb8829fe.com,AVAILABILITY,easylist_adservers.txt,/storage01/repos/github/dns-test/EasyList/easylist_adservers.txt,2021-01-29 03:37:36.799333,1d1f71c797b69a2aeb10e192
66ce98158e4f402.com,AVAILABILITY,easylist_adservers.txt,/storage01/repos/github/dns-test/EasyList/easylist_adservers.txt,2021-01-29 03:37:36.967874,1d1f71c797b69a2aeb10e192
67frzna9e9.com,AVAILABILITY,easylist_adservers.txt,/storage01/repos/github/dns-test/EasyList/easylist_adservers.txt,2021-01-29 03:37:37.125301,1d1f71c797b69a2aeb10e192
6868bbe42af8e518.com,AVAILABILITY,easylist_adservers.txt,/storage01/repos/github/dns-test/EasyList/easylist_adservers.txt,2021-01-29 03:37:37.202306,1d1f71c797b69a2aeb10e192
688de7b3822de.com,AVAILABILITY,easylist_adservers.txt,/storage01/repos/github/dns-test/EasyList/easylist_adservers.txt,2021-01-29 03:37:37.436934,1d1f71c797b69a2aeb10e192
68d0d5e26bb0ae.com,AVAILABILITY,easylist_adservers.txt,/storage01/repos/github/dns-test/EasyList/easylist_adservers.txt,2021-01-29 03:37:37.523830,1d1f71c797b69a2aeb10e192
6942f24115b63.com,AVAILABILITY,easylist_adservers.txt,/storage01/repos/github/dns-test/EasyList/easylist_adservers.txt,2021-01-29 03:37:37.597306,1d1f71c797b69a2aeb10e192
69i.club,AVAILABILITY,easylist_adservers.txt,/storage01/repos/github/dns-test/EasyList/easylist_adservers.txt,2021-01-29 03:37:37.714427,1d1f71c797b69a2aeb10e192
69oxt4q05.com,AVAILABILITY,easylist_adservers.txt,/storage01/repos/github/dns-test/EasyList/easylist_adservers.txt,2021-01-29 03:37:37.809257,1d1f71c797b69a2aeb10e192
69v.club,AVAILABILITY,easylist_adservers.txt,/storage01/repos/github/dns-test/EasyList/easylist_adservers.txt,2021-01-29 03:37:37.940548,1d1f71c797b69a2aeb10e192
6a40194bef976cc.com,AVAILABILITY,easylist_adservers.txt,/storage01/repos/github/dns-test/EasyList/easylist_adservers.txt,2021-01-29 03:37:38.174734,1d1f71c797b69a2aeb10e192
6a9102689db8e.com,AVAILABILITY,easylist_adservers.txt,/storage01/repos/github/dns-test/EasyList/easylist_adservers.txt,2021-01-29 03:37:38.712631,1d1f71c797b69a2aeb10e192
6af461b907c5b.com,AVAILABILITY,easylist_adservers.txt,/storage01/repos/github/dns-test/EasyList/easylist_adservers.txt,2021-01-29 03:37:38.948371,1d1f71c797b69a2aeb10e192
6b357cda0f.com,AVAILABILITY,easylist_adservers.txt,/storage01/repos/github/dns-test/EasyList/easylist_adservers.txt,2021-01-29 03:37:39.306545,1d1f71c797b69a2aeb10e192
6b4bcc240ad94.com,AVAILABILITY,easylist_adservers.txt,/storage01/repos/github/dns-test/EasyList/easylist_adservers.txt,2021-01-29 03:37:39.440354,1d1f71c797b69a2aeb10e192
6b5c418918ebb008cc6.com,AVAILABILITY,easylist_adservers.txt,/storage01/repos/github/dns-test/EasyList/easylist_adservers.txt,2021-01-29 03:37:39.671791,1d1f71c797b69a2aeb10e192
4e34b4865905c4.com,AVAILABILITY,easylist_adservers.txt,/storage01/repos/github/dns-test/EasyList/easylist_adservers.txt,2021-01-29 03:38:12.926054,1d1f71c797b69a2aeb10e192
6bgaput9ullc.com,AVAILABILITY,easylist_adservers.txt,/storage01/repos/github/dns-test/EasyList/easylist_adservers.txt,2021-01-29 03:38:13.114172,1d1f71c797b69a2aeb10e192
4eacccd99990beed317.com,AVAILABILITY,easylist_adservers.txt,/storage01/repos/github/dns-test/EasyList/easylist_adservers.txt,2021-01-29 03:39:09.071737,1d1f71c797b69a2aeb10e192
4fb0a3bf4a3d38.com,AVAILABILITY,easylist_adservers.txt,/storage01/repos/github/dns-test/EasyList/easylist_adservers.txt,2021-01-29 03:39:14.282530,1d1f71c797b69a2aeb10e192
6e2f1d2ae033.com,AVAILABILITY,easylist_adservers.txt,/storage01/repos/github/dns-test/EasyList/easylist_adservers.txt,2021-01-29 03:39:14.461028,1d1f71c797b69a2aeb10e192
6ea56485aed0c.com,AVAILABILITY,easylist_adservers.txt,/storage01/repos/github/dns-test/EasyList/easylist_adservers.txt,2021-01-29 03:39:14.697250,1d1f71c797b69a2aeb10e192
6ed0a6630b.com,AVAILABILITY,easylist_adservers.txt,/storage01/repos/github/dns-test/EasyList/easylist_adservers.txt,2021-01-29 03:39:14.786951,1d1f71c797b69a2aeb10e192
6f1dba68f65.com,AVAILABILITY,easylist_adservers.txt,/storage01/repos/github/dns-test/EasyList/easylist_adservers.txt,2021-01-29 03:39:14.868908,1d1f71c797b69a2aeb10e192
6f2bdffd6587d.com,AVAILABILITY,easylist_adservers.txt,/storage01/repos/github/dns-test/EasyList/easylist_adservers.txt,2021-01-29 03:39:14.955957,1d1f71c797b69a2aeb10e192
6f363e072e82206b.com,AVAILABILITY,easylist_adservers.txt,/storage01/repos/github/dns-test/EasyList/easylist_adservers.txt,2021-01-29 03:39:15.059108,1d1f71c797b69a2aeb10e192
6f7mh6hfro.buzz,AVAILABILITY,easylist_adservers.txt,/storage01/repos/github/dns-test/EasyList/easylist_adservers.txt,2021-01-29 03:39:15.206596,1d1f71c797b69a2aeb10e192
6gijbgjyzc14.com,AVAILABILITY,easylist_adservers.txt,/storage01/repos/github/dns-test/EasyList/easylist_adservers.txt,2021-01-29 03:39:15.297363,1d1f71c797b69a2aeb10e192
6i4uibyg0c82.com,AVAILABILITY,easylist_adservers.txt,/storage01/repos/github/dns-test/EasyList/easylist_adservers.txt,2021-01-29 03:39:15.402274,1d1f71c797b69a2aeb10e192
6ped2nd3yp.com,AVAILABILITY,easylist_adservers.txt,/storage01/repos/github/dns-test/EasyList/easylist_adservers.txt,2021-01-29 03:39:15.490450,1d1f71c797b69a2aeb10e192
6r1lihp31d.monster,AVAILABILITY,easylist_adservers.txt,/storage01/repos/github/dns-test/EasyList/easylist_adservers.txt,2021-01-29 03:39:15.618410,1d1f71c797b69a2aeb10e192
6sxi6i74dk9m.com,AVAILABILITY,easylist_adservers.txt,/storage01/repos/github/dns-test/EasyList/easylist_adservers.txt,2021-01-29 03:39:15.704945,1d1f71c797b69a2aeb10e192
6ujk8x9soxhm.com,AVAILABILITY,easylist_adservers.txt,/storage01/repos/github/dns-test/EasyList/easylist_adservers.txt,2021-01-29 03:39:15.794831,1d1f71c797b69a2aeb10e192
6vgtaearxl49.com,AVAILABILITY,easylist_adservers.txt,/storage01/repos/github/dns-test/EasyList/easylist_adservers.txt,2021-01-29 03:39:15.924485,1d1f71c797b69a2aeb10e192
6yag4bmwyhs4.com,AVAILABILITY,easylist_adservers.txt,/storage01/repos/github/dns-test/EasyList/easylist_adservers.txt,2021-01-29 03:39:16.025686,1d1f71c797b69a2aeb10e192
6yfory7f0njw.com,AVAILABILITY,easylist_adservers.txt,/storage01/repos/github/dns-test/EasyList/easylist_adservers.txt,2021-01-29 03:39:16.127226,1d1f71c797b69a2aeb10e192
6zw2rcfd.com,AVAILABILITY,easylist_adservers.txt,/storage01/repos/github/dns-test/EasyList/easylist_adservers.txt,2021-01-29 03:39:16.313298,1d1f71c797b69a2aeb10e192
7-7-7-partner.com,AVAILABILITY,easylist_adservers.txt,/storage01/repos/github/dns-test/EasyList/easylist_adservers.txt,2021-01-29 03:39:16.413765,1d1f71c797b69a2aeb10e192
7017042b83a65ea.com,AVAILABILITY,easylist_adservers.txt,/storage01/repos/github/dns-test/EasyList/easylist_adservers.txt,2021-01-29 03:39:16.659513,1d1f71c797b69a2aeb10e192
5edb123fa3329.com,AVAILABILITY,easylist_adservers.txt,/storage01/repos/github/dns-test/EasyList/easylist_adservers.txt,2021-01-29 03:39:32.731108,1d1f71c797b69a2aeb10e192
70ee6484605f.com,AVAILABILITY,easylist_adservers.txt,/storage01/repos/github/dns-test/EasyList/easylist_adservers.txt,2021-01-29 03:39:32.914247,1d1f71c797b69a2aeb10e192
71a30cae934e.com,AVAILABILITY,easylist_adservers.txt,/storage01/repos/github/dns-test/EasyList/easylist_adservers.txt,2021-01-29 03:39:33.101382,1d1f71c797b69a2aeb10e192
71bcab8994dbe2.com,AVAILABILITY,easylist_adservers.txt,/storage01/repos/github/dns-test/EasyList/easylist_adservers.txt,2021-01-29 03:39:33.344391,1d1f71c797b69a2aeb10e192
71d7511a4861068.com,AVAILABILITY,easylist_adservers.txt,/storage01/repos/github/dns-test/EasyList/easylist_adservers.txt,2021-01-29 03:39:33.578062,1d1f71c797b69a2aeb10e192
640f94e47dc41c.com,AVAILABILITY,easylist_adservers.txt,/storage01/repos/github/dns-test/EasyList/easylist_adservers.txt,2021-01-29 03:39:38.104324,1d1f71c797b69a2aeb10e192
72b8869dfc34690.com,AVAILABILITY,easylist_adservers.txt,/storage01/repos/github/dns-test/EasyList/easylist_adservers.txt,2021-01-29 03:39:38.339407,1d1f71c797b69a2aeb10e192
6bd9a2ea1a1801e55.com,AVAILABILITY,easylist_adservers.txt,/storage01/repos/github/dns-test/EasyList/easylist_adservers.txt,2021-01-29 03:39:52.109929,1d1f71c797b69a2aeb10e192
739c49a8c68917.com,AVAILABILITY,easylist_adservers.txt,/storage01/repos/github/dns-test/EasyList/easylist_adservers.txt,2021-01-29 03:39:52.406325,1d1f71c797b69a2aeb10e192
73c6c063b238097.com,AVAILABILITY,easylist_adservers.txt,/storage01/repos/github/dns-test/EasyList/easylist_adservers.txt,2021-01-29 03:39:52.654047,1d1f71c797b69a2aeb10e192
73s.xyz,AVAILABILITY,easylist_adservers.txt,/storage01/repos/github/dns-test/EasyList/easylist_adservers.txt,2021-01-29 03:39:52.797949,1d1f71c797b69a2aeb10e192
74069d6dc66.com,AVAILABILITY,easylist_adservers.txt,/storage01/repos/github/dns-test/EasyList/easylist_adservers.txt,2021-01-29 03:39:52.883236,1d1f71c797b69a2aeb10e192
746bdf1ce3.com,AVAILABILITY,easylist_adservers.txt,/storage01/repos/github/dns-test/EasyList/easylist_adservers.txt,2021-01-29 03:39:52.973821,1d1f71c797b69a2aeb10e192
747c749303.com,AVAILABILITY,easylist_adservers.txt,/storage01/repos/github/dns-test/EasyList/easylist_adservers.txt,2021-01-29 03:39:53.069227,1d1f71c797b69a2aeb10e192
74d382def7b08.com,AVAILABILITY,easylist_adservers.txt,/storage01/repos/github/dns-test/EasyList/easylist_adservers.txt,2021-01-29 03:39:53.306297,1d1f71c797b69a2aeb10e192
6c37f8a12dede103bf7.com,AVAILABILITY,easylist_adservers.txt,/storage01/repos/github/dns-test/EasyList/easylist_adservers.txt,2021-01-29 03:40:29.850494,1d1f71c797b69a2aeb10e192
6d25c5a1bb9e821f3b7.com,AVAILABILITY,easylist_adservers.txt,/storage01/repos/github/dns-test/EasyList/easylist_adservers.txt,2021-01-29 03:41:24.646670,1d1f71c797b69a2aeb10e192
754baa76596c3d1.com,AVAILABILITY,easylist_adservers.txt,/storage01/repos/github/dns-test/EasyList/easylist_adservers.txt,2021-01-29 03:41:24.757670,1d1f71c797b69a2aeb10e192
7089e5b41f87.com,AVAILABILITY,easylist_adservers.txt,/storage01/repos/github/dns-test/EasyList/easylist_adservers.txt,2021-01-29 03:41:29.578386,1d1f71c797b69a2aeb10e192
736f35dde67b7da2976.com,AVAILABILITY,easylist_adservers.txt,/storage01/repos/github/dns-test/EasyList/easylist_adservers.txt,2021-01-29 03:41:52.059352,1d1f71c797b69a2aeb10e192
758c824671f4fc0.com,AVAILABILITY,easylist_adservers.txt,/storage01/repos/github/dns-test/EasyList/easylist_adservers.txt,2021-01-29 03:41:52.191329,1d1f71c797b69a2aeb10e192
7651d44da06c.com,AVAILABILITY,easylist_adservers.txt,/storage01/repos/github/dns-test/EasyList/easylist_adservers.txt,2021-01-29 03:41:52.281138,1d1f71c797b69a2aeb10e192
76aede7d9af.com,AVAILABILITY,easylist_adservers.txt,/storage01/repos/github/dns-test/EasyList/easylist_adservers.txt,2021-01-29 03:41:52.367233,1d1f71c797b69a2aeb10e192
729dcbaa57e80c1e.com,AVAILABILITY,easylist_adservers.txt,/storage01/repos/github/dns-test/EasyList/easylist_adservers.txt,2021-01-29 03:41:53.408714,1d1f71c797b69a2aeb10e192
77437ee0a17f19c6085.com,AVAILABILITY,easylist_adservers.txt,/storage01/repos/github/dns-test/EasyList/easylist_adservers.txt,2021-01-29 03:41:53.488137,1d1f71c797b69a2aeb10e192
775e11b6033.com,AVAILABILITY,easylist_adservers.txt,/storage01/repos/github/dns-test/EasyList/easylist_adservers.txt,2021-01-29 03:41:53.582853,1d1f71c797b69a2aeb10e192
777a2aceac3ff.com,AVAILABILITY,easylist_adservers.txt,/storage01/repos/github/dns-test/EasyList/easylist_adservers.txt,2021-01-29 03:41:53.789235,1d1f71c797b69a2aeb10e192
777ff1571bab7667.com,AVAILABILITY,easylist_adservers.txt,/storage01/repos/github/dns-test/EasyList/easylist_adservers.txt,2021-01-29 03:41:53.878207,1d1f71c797b69a2aeb10e192
77d0f28ca582231.com,AVAILABILITY,easylist_adservers.txt,/storage01/repos/github/dns-test/EasyList/easylist_adservers.txt,2021-01-29 03:41:54.093259,1d1f71c797b69a2aeb10e192
77f24529d8427410.com,AVAILABILITY,easylist_adservers.txt,/storage01/repos/github/dns-test/EasyList/easylist_adservers.txt,2021-01-29 03:41:54.345198,1d1f71c797b69a2aeb10e192
7839e0482307b9276b.com,AVAILABILITY,easylist_adservers.txt,/storage01/repos/github/dns-test/EasyList/easylist_adservers.txt,2021-01-29 03:41:54.583904,1d1f71c797b69a2aeb10e192
78986ba32c.com,AVAILABILITY,easylist_adservers.txt,/storage01/repos/github/dns-test/EasyList/easylist_adservers.txt,2021-01-29 03:41:54.668966,1d1f71c797b69a2aeb10e192
789a42c1a33aa5.com,AVAILABILITY,easylist_adservers.txt,/storage01/repos/github/dns-test/EasyList/easylist_adservers.txt,2021-01-29 03:41:54.764373,1d1f71c797b69a2aeb10e192
7987809d62.com,AVAILABILITY,easylist_adservers.txt,/storage01/repos/github/dns-test/EasyList/easylist_adservers.txt,2021-01-29 03:41:54.852033,1d1f71c797b69a2aeb10e192
79k52baw2qa3.com,AVAILABILITY,easylist_adservers.txt,/storage01/repos/github/dns-test/EasyList/easylist_adservers.txt,2021-01-29 03:41:54.954123,1d1f71c797b69a2aeb10e192
74da0fffc981.com,AVAILABILITY,easylist_adservers.txt,/storage01/repos/github/dns-test/EasyList/easylist_adservers.txt,2021-01-29 03:42:02.720903,1d1f71c797b69a2aeb10e192
7a8fe1c29493.com,AVAILABILITY,easylist_adservers.txt,/storage01/repos/github/dns-test/EasyList/easylist_adservers.txt,2021-01-29 03:42:02.836572,1d1f71c797b69a2aeb10e192
7b7by5utoney.com,AVAILABILITY,easylist_adservers.txt,/storage01/repos/github/dns-test/EasyList/easylist_adservers.txt,2021-01-29 03:42:02.926495,1d1f71c797b69a2aeb10e192
7c1e55606540.com,AVAILABILITY,easylist_adservers.txt,/storage01/repos/github/dns-test/EasyList/easylist_adservers.txt,2021-01-29 03:42:03.006484,1d1f71c797b69a2aeb10e192
7cxcrejm.com,AVAILABILITY,easylist_adservers.txt,/storage01/repos/github/dns-test/EasyList/easylist_adservers.txt,2021-01-29 03:42:03.454797,1d1f71c797b69a2aeb10e192
7a6421ee67fdb0f660.com,AVAILABILITY,easylist_adservers.txt,/storage01/repos/github/dns-test/EasyList/easylist_adservers.txt,2021-01-29 03:42:23.283363,1d1f71c797b69a2aeb10e192
7db0b2a0ee95f557904.com,AVAILABILITY,easylist_adservers.txt,/storage01/repos/github/dns-test/EasyList/easylist_adservers.txt,2021-01-29 03:42:23.441695,1d1f71c797b69a2aeb10e192
7dee28afeb8c939d8.com,AVAILABILITY,easylist_adservers.txt,/storage01/repos/github/dns-test/EasyList/easylist_adservers.txt,2021-01-29 03:42:23.678783,1d1f71c797b69a2aeb10e192
750industries.com,AVAILABILITY,easylist_adservers.txt,/storage01/repos/github/dns-test/EasyList/easylist_adservers.txt,2021-01-29 03:42:55.040917,1d1f71c797b69a2aeb10e192
7e625f490775b155.com,AVAILABILITY,easylist_adservers.txt,/storage01/repos/github/dns-test/EasyList/easylist_adservers.txt,2021-01-29 03:42:55.337541,1d1f71c797b69a2aeb10e192
7f011d5e07db.com,AVAILABILITY,easylist_adservers.txt,/storage01/repos/github/dns-test/EasyList/easylist_adservers.txt,2021-01-29 03:42:55.630960,1d1f71c797b69a2aeb10e192
754daf9cd396259.com,AVAILABILITY,easylist_adservers.txt,/storage01/repos/github/dns-test/EasyList/easylist_adservers.txt,2021-01-29 03:43:33.019518,1d1f71c797b69a2aeb10e192
7f3ad7d6ad52.com,AVAILABILITY,easylist_adservers.txt,/storage01/repos/github/dns-test/EasyList/easylist_adservers.txt,2021-01-29 03:43:33.190871,1d1f71c797b69a2aeb10e192
7f6383e2d7.com,AVAILABILITY,easylist_adservers.txt,/storage01/repos/github/dns-test/EasyList/easylist_adservers.txt,2021-01-29 03:43:33.271397,1d1f71c797b69a2aeb10e192
7f8e91975bdc9c5f1c.com,AVAILABILITY,easylist_adservers.txt,/storage01/repos/github/dns-test/EasyList/easylist_adservers.txt,2021-01-29 03:43:33.513126,1d1f71c797b69a2aeb10e192
7lyonline.com,AVAILABILITY,easylist_adservers.txt,/storage01/repos/github/dns-test/EasyList/easylist_adservers.txt,2021-01-29 03:43:33.604148,1d1f71c797b69a2aeb10e192
7n32vb7tn4w7n373a.top,AVAILABILITY,easylist_adservers.txt,/storage01/repos/github/dns-test/EasyList/easylist_adservers.txt,2021-01-29 03:43:34.028723,1d1f71c797b69a2aeb10e192
7news.site,AVAILABILITY,easylist_adservers.txt,/storage01/repos/github/dns-test/EasyList/easylist_adservers.txt,2021-01-29 03:43:34.664581,1d1f71c797b69a2aeb10e192
7tpfnjn03b32.com,AVAILABILITY,easylist_adservers.txt,/storage01/repos/github/dns-test/EasyList/easylist_adservers.txt,2021-01-29 03:43:34.831482,1d1f71c797b69a2aeb10e192
7x7.fun,AVAILABILITY,easylist_adservers.txt,/storage01/repos/github/dns-test/EasyList/easylist_adservers.txt,2021-01-29 03:43:34.960906,1d1f71c797b69a2aeb10e192
7x749.xyz,AVAILABILITY,easylist_adservers.txt,/storage01/repos/github/dns-test/EasyList/easylist_adservers.txt,2021-01-29 03:43:35.101151,1d1f71c797b69a2aeb10e192
7y6.xyz,AVAILABILITY,easylist_adservers.txt,/storage01/repos/github/dns-test/EasyList/easylist_adservers.txt,2021-01-29 03:43:35.708997,1d1f71c797b69a2aeb10e192
7yucu023o36p.com,AVAILABILITY,easylist_adservers.txt,/storage01/repos/github/dns-test/EasyList/easylist_adservers.txt,2021-01-29 03:43:35.861972,1d1f71c797b69a2aeb10e192
80055404.vtt,AVAILABILITY,easylist_adservers.txt,/storage01/repos/github/dns-test/EasyList/easylist_adservers.txt,2021-01-29 03:43:35.957415,1d1f71c797b69a2aeb10e192
800d24d61daea3c.com,AVAILABILITY,easylist_adservers.txt,/storage01/repos/github/dns-test/EasyList/easylist_adservers.txt,2021-01-29 03:43:36.271856,1d1f71c797b69a2aeb10e192
757a51ce62f.com,AVAILABILITY,easylist_adservers.txt,/storage01/repos/github/dns-test/EasyList/easylist_adservers.txt,2021-01-29 03:43:37.993703,1d1f71c797b69a2aeb10e192
810f3f9dde63ae3.com,AVAILABILITY,easylist_adservers.txt,/storage01/repos/github/dns-test/EasyList/easylist_adservers.txt,2021-01-29 03:43:38.263198,1d1f71c797b69a2aeb10e192
815e8fa24ebb8686.com,AVAILABILITY,easylist_adservers.txt,/storage01/repos/github/dns-test/EasyList/easylist_adservers.txt,2021-01-29 03:43:38.354705,1d1f71c797b69a2aeb10e192
81mxshc8cpe0.com,AVAILABILITY,easylist_adservers.txt,/storage01/repos/github/dns-test/EasyList/easylist_adservers.txt,2021-01-29 03:43:38.446254,1d1f71c797b69a2aeb10e192
822f797ef9d68ad3.com,AVAILABILITY,easylist_adservers.txt,/storage01/repos/github/dns-test/EasyList/easylist_adservers.txt,2021-01-29 03:43:38.538001,1d1f71c797b69a2aeb10e192
8233fa03a40c92d.com,AVAILABILITY,easylist_adservers.txt,/storage01/repos/github/dns-test/EasyList/easylist_adservers.txt,2021-01-29 03:43:38.776083,1d1f71c797b69a2aeb10e192
823bc1a6cd3f1657.com,AVAILABILITY,easylist_adservers.txt,/storage01/repos/github/dns-test/EasyList/easylist_adservers.txt,2021-01-29 03:43:38.949771,1d1f71c797b69a2aeb10e192
82448dceaaa13034.com,AVAILABILITY,easylist_adservers.txt,/storage01/repos/github/dns-test/EasyList/easylist_adservers.txt,2021-01-29 03:43:39.114566,1d1f71c797b69a2aeb10e192
827fa7c868b4b.com,AVAILABILITY,easylist_adservers.txt,/storage01/repos/github/dns-test/EasyList/easylist_adservers.txt,2021-01-29 03:43:39.214820,1d1f71c797b69a2aeb10e192
84544232a4185d6.com,AVAILABILITY,easylist_adservers.txt,/storage01/repos/github/dns-test/EasyList/easylist_adservers.txt,2021-01-29 03:43:39.457025,1d1f71c797b69a2aeb10e192
8462d0b3cc90c90.com,AVAILABILITY,easylist_adservers.txt,/storage01/repos/github/dns-test/EasyList/easylist_adservers.txt,2021-01-29 03:43:39.699831,1d1f71c797b69a2aeb10e192
84b898f0f5.com,AVAILABILITY,easylist_adservers.txt,/storage01/repos/github/dns-test/EasyList/easylist_adservers.txt,2021-01-29 03:43:39.785696,1d1f71c797b69a2aeb10e192
850a54dbd2398a2.com,AVAILABILITY,easylist_adservers.txt,/storage01/repos/github/dns-test/EasyList/easylist_adservers.txt,2021-01-29 03:43:39.977674,1d1f71c797b69a2aeb10e192
8547459af5da02.com,AVAILABILITY,easylist_adservers.txt,/storage01/repos/github/dns-test/EasyList/easylist_adservers.txt,2021-01-29 03:43:40.152616,1d1f71c797b69a2aeb10e192
86cb1dcb13ba5a1a.com,AVAILABILITY,easylist_adservers.txt,/storage01/repos/github/dns-test/EasyList/easylist_adservers.txt,2021-01-29 03:43:40.260111,1d1f71c797b69a2aeb10e192
86f4fd3b507f774.com,AVAILABILITY,easylist_adservers.txt,/storage01/repos/github/dns-test/EasyList/easylist_adservers.txt,2021-01-29 03:43:40.510283,1d1f71c797b69a2aeb10e192
86pqvhdw5wpg.com,AVAILABILITY,easylist_adservers.txt,/storage01/repos/github/dns-test/EasyList/easylist_adservers.txt,2021-01-29 03:43:40.612068,1d1f71c797b69a2aeb10e192
86up9en9vv.buzz,AVAILABILITY,easylist_adservers.txt,/storage01/repos/github/dns-test/EasyList/easylist_adservers.txt,2021-01-29 03:43:40.749872,1d1f71c797b69a2aeb10e192
87159d7b62fc885.com,AVAILABILITY,easylist_adservers.txt,/storage01/repos/github/dns-test/EasyList/easylist_adservers.txt,2021-01-29 03:43:40.839261,1d1f71c797b69a2aeb10e192
8761f9f83613.com,AVAILABILITY,easylist_adservers.txt,/storage01/repos/github/dns-test/EasyList/easylist_adservers.txt,2021-01-29 03:43:40.938712,1d1f71c797b69a2aeb10e192
879d2cchfa.xyz,AVAILABILITY,easylist_adservers.txt,/storage01/repos/github/dns-test/EasyList/easylist_adservers.txt,2021-01-29 03:43:41.536786,1d1f71c797b69a2aeb10e192
87afbf97c88.com,AVAILABILITY,easylist_adservers.txt,/storage01/repos/github/dns-test/EasyList/easylist_adservers.txt,2021-01-29 03:43:41.690854,1d1f71c797b69a2aeb10e192
87gw0fl0rc11.com,AVAILABILITY,easylist_adservers.txt,/storage01/repos/github/dns-test/EasyList/easylist_adservers.txt,2021-01-29 03:43:41.788370,1d1f71c797b69a2aeb10e192
889fb4992d4e8.com,AVAILABILITY,easylist_adservers.txt,/storage01/repos/github/dns-test/EasyList/easylist_adservers.txt,2021-01-29 03:43:41.999206,1d1f71c797b69a2aeb10e192
88d7b6aa44fb8eb.com,AVAILABILITY,easylist_adservers.txt,/storage01/repos/github/dns-test/EasyList/easylist_adservers.txt,2021-01-29 03:43:42.265035,1d1f71c797b69a2aeb10e192
8b0b17dc1f9f8010.com,AVAILABILITY,easylist_adservers.txt,/storage01/repos/github/dns-test/EasyList/easylist_adservers.txt,2021-01-29 03:43:42.509344,1d1f71c797b69a2aeb10e192
8baf7ae42000024.com,AVAILABILITY,easylist_adservers.txt,/storage01/repos/github/dns-test/EasyList/easylist_adservers.txt,2021-01-29 03:43:42.617574,1d1f71c797b69a2aeb10e192
8bef5bb6b351ca5e.com,AVAILABILITY,easylist_adservers.txt,/storage01/repos/github/dns-test/EasyList/easylist_adservers.txt,2021-01-29 03:43:42.713377,1d1f71c797b69a2aeb10e192
8bf8170108e3304.com,AVAILABILITY,easylist_adservers.txt,/storage01/repos/github/dns-test/EasyList/easylist_adservers.txt,2021-01-29 03:43:42.811886,1d1f71c797b69a2aeb10e192
8c9cc6d2b0e13.com,AVAILABILITY,easylist_adservers.txt,/storage01/repos/github/dns-test/EasyList/easylist_adservers.txt,2021-01-29 03:43:43.111956,1d1f71c797b69a2aeb10e192
8cce6d834ab4e80c7.com,AVAILABILITY,easylist_adservers.txt,/storage01/repos/github/dns-test/EasyList/easylist_adservers.txt,2021-01-29 03:43:43.221258,1d1f71c797b69a2aeb10e192
8d6lbsvg3qkl.com,AVAILABILITY,easylist_adservers.txt,/storage01/repos/github/dns-test/EasyList/easylist_adservers.txt,2021-01-29 03:43:43.319833,1d1f71c797b69a2aeb10e192
8dfaa2dc76855.com,AVAILABILITY,easylist_adservers.txt,/storage01/repos/github/dns-test/EasyList/easylist_adservers.txt,2021-01-29 03:43:43.560400,1d1f71c797b69a2aeb10e192
8ff01bde37db289d5.com,AVAILABILITY,easylist_adservers.txt,/storage01/repos/github/dns-test/EasyList/easylist_adservers.txt,2021-01-29 03:43:43.803857,1d1f71c797b69a2aeb10e192
8gzijqo4c85j.com,AVAILABILITY,easylist_adservers.txt,/storage01/repos/github/dns-test/EasyList/easylist_adservers.txt,2021-01-29 03:43:43.901569,1d1f71c797b69a2aeb10e192
8lgju1jryo7c.com,AVAILABILITY,easylist_adservers.txt,/storage01/repos/github/dns-test/EasyList/easylist_adservers.txt,2021-01-29 03:43:44.002554,1d1f71c797b69a2aeb10e192
8mb4qkd74cht.com,AVAILABILITY,easylist_adservers.txt,/storage01/repos/github/dns-test/EasyList/easylist_adservers.txt,2021-01-29 03:43:44.166137,1d1f71c797b69a2aeb10e192
8po6fdwjsym3.com,AVAILABILITY,easylist_adservers.txt,/storage01/repos/github/dns-test/EasyList/easylist_adservers.txt,2021-01-29 03:43:44.278028,1d1f71c797b69a2aeb10e192
8tduqa3h42y5.com,AVAILABILITY,easylist_adservers.txt,/storage01/repos/github/dns-test/EasyList/easylist_adservers.txt,2021-01-29 03:43:44.374318,1d1f71c797b69a2aeb10e192
8ue4.xyz,AVAILABILITY,easylist_adservers.txt,/storage01/repos/github/dns-test/EasyList/easylist_adservers.txt,2021-01-29 03:43:44.514094,1d1f71c797b69a2aeb10e192
8wtkfxiss1o2.com,AVAILABILITY,easylist_adservers.txt,/storage01/repos/github/dns-test/EasyList/easylist_adservers.txt,2021-01-29 03:43:44.615299,1d1f71c797b69a2aeb10e192
8xkr.xyz,AVAILABILITY,easylist_adservers.txt,/storage01/repos/github/dns-test/EasyList/easylist_adservers.txt,2021-01-29 03:43:45.219235,1d1f71c797b69a2aeb10e192
8ze98lcl8389.com,AVAILABILITY,easylist_adservers.txt,/storage01/repos/github/dns-test/EasyList/easylist_adservers.txt,2021-01-29 03:43:45.371464,1d1f71c797b69a2aeb10e192
9053fe03868ab.com,AVAILABILITY,easylist_adservers.txt,/storage01/repos/github/dns-test/EasyList/easylist_adservers.txt,2021-01-29 03:43:45.467224,1d1f71c797b69a2aeb10e192
91jsnzw.xyz,AVAILABILITY,easylist_adservers.txt,/storage01/repos/github/dns-test/EasyList/easylist_adservers.txt,2021-01-29 03:43:45.602875,1d1f71c797b69a2aeb10e192
920sbo17zn88.com,AVAILABILITY,easylist_adservers.txt,/storage01/repos/github/dns-test/EasyList/easylist_adservers.txt,2021-01-29 03:43:45.698413,1d1f71c797b69a2aeb10e192
924e60106cd9d0e.com,AVAILABILITY,easylist_adservers.txt,/storage01/repos/github/dns-test/EasyList/easylist_adservers.txt,2021-01-29 03:43:45.959188,1d1f71c797b69a2aeb10e192
927a8dd1afec73.com,AVAILABILITY,easylist_adservers.txt,/storage01/repos/github/dns-test/EasyList/easylist_adservers.txt,2021-01-29 03:43:46.285415,1d1f71c797b69a2aeb10e192
9376ec23d50b1.com,AVAILABILITY,easylist_adservers.txt,/storage01/repos/github/dns-test/EasyList/easylist_adservers.txt,2021-01-29 03:43:46.531486,1d1f71c797b69a2aeb10e192
93aihbjs7bv4.com,AVAILABILITY,easylist_adservers.txt,/storage01/repos/github/dns-test/EasyList/easylist_adservers.txt,2021-01-29 03:43:46.629730,1d1f71c797b69a2aeb10e192
944e66f8683ac43c.com,AVAILABILITY,easylist_adservers.txt,/storage01/repos/github/dns-test/EasyList/easylist_adservers.txt,2021-01-29 03:43:46.732211,1d1f71c797b69a2aeb10e192
956b2fb847d.com,AVAILABILITY,easylist_adservers.txt,/storage01/repos/github/dns-test/EasyList/easylist_adservers.txt,2021-01-29 03:43:46.812017,1d1f71c797b69a2aeb10e192
7f19b1713b43f7db.com,AVAILABILITY,easylist_adservers.txt,/storage01/repos/github/dns-test/EasyList/easylist_adservers.txt,2021-01-29 03:43:48.947054,1d1f71c797b69a2aeb10e192
967rett6fzaf.com,AVAILABILITY,easylist_adservers.txt,/storage01/repos/github/dns-test/EasyList/easylist_adservers.txt,2021-01-29 03:43:49.114805,1d1f71c797b69a2aeb10e192
96y9sqlihv3d.com,AVAILABILITY,easylist_adservers.txt,/storage01/repos/github/dns-test/EasyList/easylist_adservers.txt,2021-01-29 03:43:49.214473,1d1f71c797b69a2aeb10e192
970ztqtss4.com,AVAILABILITY,easylist_adservers.txt,/storage01/repos/github/dns-test/EasyList/easylist_adservers.txt,2021-01-29 03:43:49.314099,1d1f71c797b69a2aeb10e192
98uhl1aiyw.xyz,AVAILABILITY,easylist_adservers.txt,/storage01/repos/github/dns-test/EasyList/easylist_adservers.txt,2021-01-29 03:43:49.461729,1d1f71c797b69a2aeb10e192
994ot5rkpch2.com,AVAILABILITY,easylist_adservers.txt,/storage01/repos/github/dns-test/EasyList/easylist_adservers.txt,2021-01-29 03:43:49.557882,1d1f71c797b69a2aeb10e192
99818fb574.com,AVAILABILITY,easylist_adservers.txt,/storage01/repos/github/dns-test/EasyList/easylist_adservers.txt,2021-01-29 03:43:49.644126,1d1f71c797b69a2aeb10e192
9989be8064c80b.com,AVAILABILITY,easylist_adservers.txt,/storage01/repos/github/dns-test/EasyList/easylist_adservers.txt,2021-01-29 03:43:49.904833,1d1f71c797b69a2aeb10e192
771b92b0ca0963e.com,AVAILABILITY,easylist_adservers.txt,/storage01/repos/github/dns-test/EasyList/easylist_adservers.txt,2021-01-29 03:44:00.436234,1d1f71c797b69a2aeb10e192
9a24a1b3dcd5f4.com,AVAILABILITY,easylist_adservers.txt,/storage01/repos/github/dns-test/EasyList/easylist_adservers.txt,2021-01-29 03:44:00.972768,1d1f71c797b69a2aeb10e192
9ae7c9ffe8509b0.com,AVAILABILITY,easylist_adservers.txt,/storage01/repos/github/dns-test/EasyList/easylist_adservers.txt,2021-01-29 03:44:01.146916,1d1f71c797b69a2aeb10e192
8092686a39ac5.com,AVAILABILITY,easylist_adservers.txt,/storage01/repos/github/dns-test/EasyList/easylist_adservers.txt,2021-01-29 03:44:03.353263,1d1f71c797b69a2aeb10e192
9bb6fa4987e.com,AVAILABILITY,easylist_adservers.txt,/storage01/repos/github/dns-test/EasyList/easylist_adservers.txt,2021-01-29 03:44:03.744192,1d1f71c797b69a2aeb10e192
9c40a04e9732e6a6.com,AVAILABILITY,easylist_adservers.txt,/storage01/repos/github/dns-test/EasyList/easylist_adservers.txt,2021-01-29 03:44:03.905665,1d1f71c797b69a2aeb10e192
9c690ac2bcb.com,AVAILABILITY,easylist_adservers.txt,/storage01/repos/github/dns-test/EasyList/easylist_adservers.txt,2021-01-29 03:44:04.138676,1d1f71c797b69a2aeb10e192
9cd76b4462bb.com,AVAILABILITY,easylist_adservers.txt,/storage01/repos/github/dns-test/EasyList/easylist_adservers.txt,2021-01-29 03:44:04.679074,1d1f71c797b69a2aeb10e192
9content.com,AVAILABILITY,easylist_adservers.txt,/storage01/repos/github/dns-test/EasyList/easylist_adservers.txt,2021-01-29 03:44:04.777329,1d1f71c797b69a2aeb10e192
9d766be9a3.com,AVAILABILITY,easylist_adservers.txt,/storage01/repos/github/dns-test/EasyList/easylist_adservers.txt,2021-01-29 03:44:04.862265,1d1f71c797b69a2aeb10e192
9dc93a7c1dd.com,AVAILABILITY,easylist_adservers.txt,/storage01/repos/github/dns-test/EasyList/easylist_adservers.txt,2021-01-29 03:44:04.950705,1d1f71c797b69a2aeb10e192
9dmnv9z0gtoh.com,AVAILABILITY,easylist_adservers.txt,/storage01/repos/github/dns-test/EasyList/easylist_adservers.txt,2021-01-29 03:44:05.140484,1d1f71c797b69a2aeb10e192
9e1486fffbec3.com,AVAILABILITY,easylist_adservers.txt,/storage01/repos/github/dns-test/EasyList/easylist_adservers.txt,2021-01-29 03:44:05.693401,1d1f71c797b69a2aeb10e192
9e5420f6be48ccc.com,AVAILABILITY,easylist_adservers.txt,/storage01/repos/github/dns-test/EasyList/easylist_adservers.txt,2021-01-29 03:44:05.942642,1d1f71c797b69a2aeb10e192
9egiyiyt1o18.com,AVAILABILITY,easylist_adservers.txt,/storage01/repos/github/dns-test/EasyList/easylist_adservers.txt,2021-01-29 03:44:06.556277,1d1f71c797b69a2aeb10e192
9f38cd012c83.com,AVAILABILITY,easylist_adservers.txt,/storage01/repos/github/dns-test/EasyList/easylist_adservers.txt,2021-01-29 03:44:06.727340,1d1f71c797b69a2aeb10e192
9fcbacf708f2.com,AVAILABILITY,easylist_adservers.txt,/storage01/repos/github/dns-test/EasyList/easylist_adservers.txt,2021-01-29 03:44:06.815628,1d1f71c797b69a2aeb10e192
9ksj.xyz,AVAILABILITY,easylist_adservers.txt,/storage01/repos/github/dns-test/EasyList/easylist_adservers.txt,2021-01-29 03:44:07.414032,1d1f71c797b69a2aeb10e192
9qovcur0guk3.com,AVAILABILITY,easylist_adservers.txt,/storage01/repos/github/dns-test/EasyList/easylist_adservers.txt,2021-01-29 03:44:07.815356,1d1f71c797b69a2aeb10e192
9t5.me,AVAILABILITY,easylist_adservers.txt,/storage01/repos/github/dns-test/EasyList/easylist_adservers.txt,2021-01-29 03:44:08.375904,1d1f71c797b69a2aeb10e192
7d6260236b547b31f.com,AVAILABILITY,easylist_adservers.txt,/storage01/repos/github/dns-test/EasyList/easylist_adservers.txt,2021-01-29 03:44:11.894932,1d1f71c797b69a2aeb10e192
a0675c1160de6c6.com,AVAILABILITY,easylist_adservers.txt,/storage01/repos/github/dns-test/EasyList/easylist_adservers.txt,2021-01-29 03:44:31.064230,1d1f71c797b69a2aeb10e192
